time,Lvel,Rvel,Lcur,Rcur
0.0,0.5564060583114907,0.5565964779070798,2.3,2.83
0.06666666666666667,0.2715116345587599,0.27169037822864717,2.3,2.69
0.13333333333333333,0.6229636786125138,0.6266042363768358,2.3,3.35
0.2,0.5555789540762089,0.5542708300672841,5.85,3.75
0.26666666666666666,0.320220413954562,0.31902108656147377,2.04,2.83
0.3333333333333333,0.5815468064223948,0.581348326283684,2.17,2.57
0.4,0.5594814211674471,0.5600409025886145,0.73,2.43
0.4666666666666667,0.5851216765006046,0.5855175639677904,2.3,2.69
0.5333333333333333,0.2967964365923285,0.29640745043689953,2.17,2.69
0.6,0.5616245570880223,0.5601051129024611,2.04,2.83
0.6666666666666666,0.5943051847879091,0.5962914989081894,4.01,4.14
0.7333333333333333,0.5627907779557297,0.5627907779557297,2.04,2.83
0.8,0.28867511849320027,0.28848995164362157,2.17,2.69
0.8666666666666667,0.6223147235423669,0.6223147235423669,2.57,3.88
0.9333333333333333,0.5630308734653501,0.5632232968670812,2.17,2.83
1.0,0.3082588240139098,0.30864535545467964,2.17,2.69
1.0666666666666667,0.5773266741112253,0.5757668587134239,2.17,2.69
1.1333333333333333,0.5773060611899185,0.5775037687451205,2.3,4.27
1.2,0.5652390011675054,0.566010921961179,2.83,3.61
1.2666666666666666,0.28037005252336833,0.280001871233121,2.17,2.96
1.3333333333333333,0.597123290935278,0.597736983937267,2.17,3.35
1.4,0.5643260200842782,0.5649056086019957,2.17,2.57
1.4666666666666666,0.5558433693946295,0.5556532074482065,2.17,2.83
1.5333333333333332,0.2988968498551529,0.29830847022945384,2.17,2.83
1.6,0.5651456997808455,0.5657291261742876,2.69,4.8
1.6666666666666667,0.5639877022385547,0.564179992624589,2.69,3.22
1.7333333333333334,0.5695819115108253,0.5674376948692719,2.3,2.83
1.8,0.30303628601728627,0.3057419671424406,3.35,4.01
1.8666666666666667,0.564156501453352,0.5643531401781527,3.48,3.22
1.9333333333333333,0.5600968223085956,0.558372268288487,3.09,3.09
2.0,0.5738337039967067,0.5738337039967067,3.22,3.75
2.0666666666666664,0.2952970967284827,0.294912093994808,0.99,2.04
2.1333333333333333,0.5681442069636699,0.5675588935636386,0.73,2.04
2.2,0.5618069872828559,0.5616146534974117,2.3,2.69
2.2666666666666666,0.5830060870785451,0.5820074469842001,2.3,2.69
2.3333333333333335,0.2758726123506742,0.2758726123506742,3.22,4.8
2.4,0.6062954879330777,0.607543009513187,3.61,4.14
2.466666666666667,0.5704513931204609,0.5694775942247277,2.69,2.83
2.533333333333333,0.5505082895529094,0.5520160150977309,2.3,3.09
2.6,0.2953719926518995,0.2947932101711969,2.3,2.69
2.6666666666666665,0.5582132326799949,0.557830239038362,2.04,2.69
2.7333333333333334,0.5760553120761573,0.5750679015309463,2.17,3.35
2.8,0.5730187988152958,0.5749818642446048,3.22,3.61
2.8666666666666667,0.29354682639350577,0.29335534118385576,2.43,3.22
2.933333333333333,0.5614922610256391,0.5620697299262484,2.04,2.69
3.0,0.5620526405407633,0.5626298941941773,1.51,2.69
3.0666666666666664,0.5784866115095197,0.5770969731153651,2.17,2.69
3.1333333333333333,0.2951548936031806,0.2951548936031806,3.22,4.4
3.2,0.5712410365686649,0.5710458072328588,2.17,3.09
3.2666666666666666,0.5631047650306682,0.5625260345424558,2.17,4.14
3.3333333333333335,0.5590209430588772,0.5611290096936553,3.48,3.88
3.4,0.29420694535666797,0.2943993632411393,2.57,3.35
3.466666666666667,0.5745708589877746,0.5733914456610806,2.17,3.75
3.533333333333333,0.5607596128560982,0.5622767169828649,2.04,2.69
3.6,0.6098152079915575,0.6069722466489396,2.17,2.83
3.6666666666666665,0.292441910240077,0.29340579260738114,2.17,4.8
3.7333333333333334,0.556032951453462,0.556220483646195,2.17,3.09
3.8,0.6032257438202246,0.6020196943490747,0.0,4.01
3.8666666666666667,0.28862289746108755,0.28919329844421227,2.17,4.53
3.933333333333333,0.5686769688850821,0.5696349826466809,2.17,2.83
4.0,0.5950129721194585,0.5950129721194585,0.73,2.57
4.066666666666666,0.5636201666705056,0.5640066049061384,2.04,2.17
4.133333333333333,0.30162699302401796,0.29988683729503324,2.17,3.61
4.2,0.5817552857324915,0.5831158894745988,3.35,4.53
4.266666666666667,0.5642171500471665,0.5642171500471665,2.83,4.01
4.333333333333333,0.5921783593701446,0.5923755549610105,1.12,2.69
4.4,0.29998719836612,0.3007593661868822,1.51,2.83
4.466666666666667,0.5556445896156134,0.553743650205365,2.04,2.83
4.533333333333333,0.5773187911676383,0.5792945570511688,2.04,2.83
4.6,0.3020865895168878,0.30188771750272264,2.17,2.83
4.666666666666667,0.556936240599924,0.557317312266431,2.17,2.96
4.733333333333333,0.5731864369561408,0.5712268252058634,2.17,3.35
4.8,0.5542679767586953,0.5548376252445727,2.57,4.27
4.866666666666666,0.2967119053772511,0.2978831365826876,2.17,2.96
4.933333333333334,0.5639878653335537,0.5639878653335537,2.17,2.96
5.0,0.5642778870906683,0.5644664196289546,3.35,2.96
5.066666666666666,0.5949789914922189,0.5943782048969726,2.96,4.8
5.133333333333333,0.30854201763492106,0.30873705051585343,2.17,2.57
5.2,0.5533038229556114,0.5529173026461769,1.51,2.17
5.266666666666667,0.5658945766344442,0.5664761743493819,1.64,2.57
5.333333333333333,0.5780591114917768,0.5800428421420574,2.17,2.96
5.4,0.2897991205238043,0.28922939748214543,3.35,2.83
5.466666666666667,0.5594980960488406,0.5585397231539299,2.57,3.22
5.533333333333333,0.5538337237295177,0.5536447019808045,3.35,3.22
5.6,0.5926842045578493,0.5926842045578493,2.17,2.96
5.666666666666667,0.28488103078363075,0.28488103078363075,2.17,2.96
5.733333333333333,0.5768267136268344,0.5786101009242035,2.3,2.69
5.8,0.5732528350812526,0.5714859599046324,4.27,3.61
5.866666666666666,0.5643818753459219,0.5657325328253822,4.01,4.93
5.933333333333334,0.2954223454910283,0.29445183844276607,3.61,3.75
6.0,0.558985985980883,0.5580314334091944,2.3,3.09
6.066666666666666,0.5723912867898789,0.5721954635648396,1.91,3.88
6.133333333333333,0.5661279555582803,0.5676768692533782,2.17,3.88
6.2,0.2976872701995641,0.29749257610525437,2.04,2.83
6.266666666666667,0.5711976164976137,0.5711976164976137,0.86,2.43
6.333333333333333,0.5589095580670693,0.559100965449969,2.17,2.69
6.4,0.5730207388588747,0.5730207388588747,3.75,3.61
6.466666666666667,0.29532893131140875,0.2947494762467036,2.43,4.53
6.533333333333333,0.5692115911758387,0.5727300694179971,3.09,3.22
6.6,0.5513144868970926,0.549998700532183,2.3,2.69
6.666666666666667,0.5801133814058923,0.5795177824516768,2.3,2.69
6.733333333333333,0.2908832203037,0.2910745908433735,2.83,3.48
6.8,0.5657708356458552,0.5651885672043672,2.43,4.27
6.866666666666666,0.5806747412671609,0.5812546428063757,3.61,4.14
6.933333333333334,0.5827741976929435,0.5835596076628801,2.17,2.83
7.0,0.30170536555836763,0.30150700568620564,2.17,2.83
7.066666666666666,0.5506759884365233,0.5488137091384626,2.17,2.69
7.133333333333333,0.5936189813173042,0.5977868176956603,4.27,5.85
7.2,0.29706049198519185,0.2955092622620316,2.17,2.69
7.266666666666667,0.5646508958798088,0.5646508958798088,2.04,4.27
7.333333333333333,0.6090314162377433,0.6082215340352994,2.17,2.83
7.3999999999999995,0.5449332986352297,0.5469967293701651,2.17,4.27
7.466666666666667,0.3056513981510756,0.30643361542081604,5.32,3.22
7.533333333333333,0.5823791888975267,0.5808333914485618,2.17,2.83
7.6,0.5628956739508963,0.5630885785684258,3.35,2.96
7.666666666666667,0.588627438358093,0.588627438358093,2.04,3.75
7.733333333333333,0.3099859118831121,0.3101850036698064,2.17,2.57
7.8,0.5358968869100235,0.5362630617558793,2.69,2.57
7.866666666666666,0.58152038932974,0.5803279346694603,2.17,2.3
7.933333333333334,0.2980759211104193,0.29827254111115176,2.3,2.96
8.0,0.5621522782317733,0.563120171272806,2.69,3.48
8.066666666666666,0.5776794610858835,0.5763054358641365,4.53,3.22
8.133333333333333,0.5485743315397953,0.5468852555959506,2.43,4.4
8.2,0.2980393954215424,0.29921586671925904,2.3,3.22
8.266666666666666,0.5584146762990929,0.5576505097903018,2.17,2.57
8.333333333333334,0.5789078554878094,0.5806976770952949,4.27,3.61
8.4,0.5633049819002098,0.5600422273202086,2.96,3.35
8.466666666666667,0.29490954171451655,0.29452226720143115,2.17,4.93
8.533333333333333,0.578252009662405,0.5804266326047252,1.51,3.48
8.6,0.5643993858074172,0.5657514719472707,1.38,2.3
8.666666666666666,0.5565955773080948,0.5546907327587859,1.25,2.69
8.733333333333333,0.296167504112337,0.2965577116276365,2.17,4.27
8.8,0.5684190446674012,0.570948811042162,2.04,2.57
8.866666666666667,0.5572652593103252,0.5568844835950466,2.17,2.43
8.933333333333334,0.5709407083653237,0.5725124653050769,3.75,2.96
9.0,0.3029683055533454,0.301781745609925,2.83,2.96
9.066666666666666,0.5556961890506067,0.5543663178289471,2.04,3.35
9.133333333333333,0.5808980167276413,0.5822882000155365,3.61,3.22
9.2,0.5566208705723944,0.556811103269104,2.04,2.57
9.266666666666666,0.29330124960521814,0.293494720086488,2.17,2.04
9.333333333333334,0.5550098871281497,0.556155024446846,2.96,2.96
9.4,0.5768753214102128,0.5756976242586438,2.69,3.88
9.466666666666667,0.5718457754064084,0.572237584776334,2.17,2.43
9.533333333333333,0.29398613952784614,0.29398613952784614,2.17,2.69
9.6,0.5646265615351923,0.5646265615351923,2.17,3.09
9.666666666666666,0.5641113745189387,0.5670241699123238,5.32,3.61
9.733333333333333,0.5755430937800197,0.5727977434178663,4.8,3.61
9.8,0.29452847578915536,0.29298239455141706,2.96,4.27
9.866666666666667,0.5746378817020156,0.5758166260747376,2.04,3.35
9.933333333333334,0.5467859641499184,0.5467859641499184,2.04,2.83
10.0,0.5769919327104188,0.577588409553331,3.09,3.88
10.066666666666666,0.29002777830884036,0.28832618117404274,3.09,4.01
10.133333333333333,0.5841927159562216,0.5853894234658622,2.17,2.69
10.2,0.5587405893103763,0.5598743206380268,3.75,3.09
10.266666666666666,0.5968903349427604,0.5978854838839789,2.04,2.69
10.333333333333334,0.28972755306176423,0.29241376878551567,6.37,2.69
10.4,0.5657796674546909,0.5606465857943157,5.98,3.09
10.466666666666667,0.6046984585096982,0.6051005186549838,2.17,2.83
10.533333333333333,0.5636384234143251,0.5609332681425389,2.17,2.96
10.6,0.29830035264493526,0.30263447021337087,2.17,5.85
10.666666666666666,0.5938251370722313,0.592629917071415,5.06,2.57
10.733333333333333,0.5641145539154653,0.5646941236626388,2.17,2.43
10.8,0.29801295485011076,0.2987780715506246,2.17,1.91
10.866666666666667,0.592295218298789,0.5911110225940931,2.17,2.17
10.933333333333334,0.5615185396149964,0.5599811856393222,2.04,2.69
11.0,0.5665445328599406,0.5669227334826774,3.88,4.8
11.066666666666666,0.31465683624570256,0.3144557775643954,3.48,4.53
11.133333333333333,0.5649748380700965,0.5657471891816073,2.17,3.35
11.2,0.5576002988360449,0.5579815639976422,1.12,2.69
11.266666666666666,0.576080740678178,0.5768707039838732,2.04,2.3
11.333333333333334,0.29860604583473416,0.29762507984973174,2.17,2.57
11.4,0.5693604696003393,0.5693604696003393,2.04,2.83
11.466666666666667,0.5594911367335013,0.5618006976694497,2.17,3.22
11.533333333333333,0.5760653698855608,0.574099947265685,4.8,3.48
11.6,0.29012414451389035,0.2906967579570099,2.83,3.35
11.666666666666666,0.5624042981006259,0.5633666600070267,3.09,2.96
11.733333333333333,0.5709423342322559,0.5693834473128505,1.91,2.83
11.8,0.567628453798869,0.5678225811770491,1.12,2.69
11.866666666666667,0.2959143298612776,0.2966945917725796,2.17,2.83
11.933333333333334,0.5585714013550822,0.5602971626363028,3.75,2.83
12.0,0.567687691377286,0.5651740878391713,2.04,2.96
12.066666666666666,0.5863203198486117,0.588274069664835,0.0,1.12
12.133333333333333,0.30247071515907853,0.303055011453655,0.59,1.51
12.2,0.5499329973671107,0.5493681911390718,2.17,2.57
12.266666666666666,0.5741470967939065,0.5749357603884037,2.83,3.35
12.333333333333334,0.3067580406589281,0.3073626885708708,2.57,2.96
12.4,0.5528548491957868,0.552100356054612,2.83,3.22
12.466666666666667,0.5683406101718487,0.5685350476026294,2.17,2.69
12.533333333333333,0.5649719570383978,0.5669134414268459,2.3,2.83
12.6,0.28875561175559505,0.28704699866828387,3.22,3.22
12.666666666666666,0.5717614196323919,0.571371537996093,3.22,4.01
12.733333333333333,0.5676633482756501,0.5684399055236332,0.99,2.69
12.8,0.5697781906342663,0.5707548416295256,2.3,2.57
12.866666666666667,0.2948478616211226,0.29465426486365637,2.17,2.96
12.933333333333334,0.5753481828826186,0.5751513480612424,1.78,2.69
13.0,0.5596615084726776,0.5590869073346153,2.3,2.83
13.066666666666666,0.5853146098979165,0.5863161749388096,2.3,4.27
13.133333333333333,0.28250298974596866,0.28287470420616073,2.17,2.83
13.2,0.5684256480975074,0.5676461820048129,2.17,3.88
13.266666666666666,0.5791879820971528,0.5783978211393123,2.43,3.48
13.333333333333334,0.5565214699591103,0.5572830456963107,2.04,3.35
13.4,0.2791127123957998,0.2792965811127931,2.17,2.96
13.466666666666667,0.6048876253212226,0.6034375522468225,2.3,3.88
13.533333333333333,0.5635160847080183,0.5635160847080183,2.96,4.14
13.6,0.6068186834810158,0.6084347119323633,3.48,3.35
13.666666666666666,0.29483588118027704,0.29483588118027704,2.17,2.57
13.733333333333333,0.555958256745405,0.555587988176144,2.04,2.43
13.799999999999999,0.6106264731132366,0.6116617841900648,1.64,2.69
13.866666666666667,0.5578420291591817,0.557460076383311,2.17,2.69
13.933333333333334,0.29903028496797757,0.2980928859555388,2.3,3.09
14.0,0.571124885069703,0.5744083220146421,3.48,3.48
14.066666666666666,0.5810883853073774,0.5763269919146231,3.22,3.35
14.133333333333333,0.29743010646911605,0.29838708879366277,2.96,5.58
14.2,0.5982408320026088,0.6008271741429593,3.09,4.27
14.266666666666666,0.5682139508471388,0.5691849247891195,0.99,2.3
14.333333333333334,0.570265653421726,0.5675981896235622,1.78,2.96
14.4,0.31392427089142183,0.3135215457202975,2.17,4.4
14.466666666666667,0.5653842593639474,0.5688718935889477,2.17,4.01
14.533333333333333,0.5545122444930625,0.553186113399297,3.09,3.22
14.6,0.5637371111945846,0.5623875353469916,2.17,4.27
14.666666666666666,0.29475631984866435,0.29436720259473875,2.17,3.88
14.733333333333333,0.5659203267174361,0.5680507591588775,3.22,5.19
14.799999999999999,0.5638422977391054,0.5640345385497905,2.17,2.69
14.866666666666667,0.5751821895003013,0.577747324479205,1.25,1.25
14.933333333333334,0.28529589895538154,0.2841689895454196,1.64,1.64
15.0,0.5812545326964388,0.5798553642889852,3.48,4.8
15.066666666666666,0.5602041690656453,0.5596319482596539,5.06,5.85
15.133333333333333,0.5753302997992739,0.5765080486217903,2.17,2.96
15.2,0.2975067886552055,0.29848286079646275,1.64,2.69
15.266666666666666,0.5614233394662936,0.5606550557311362,0.59,1.25
15.333333333333334,0.5645564504536353,0.5647501233354376,2.04,2.57
15.4,0.5550751741275295,0.5531755328745263,3.61,3.22
15.466666666666667,0.30419816346958767,0.30399895052690945,2.69,4.01
15.533333333333333,0.5583973105538842,0.5606991888522855,2.57,3.35
15.6,0.5692820359112116,0.567919651551766,3.35,3.88
15.666666666666666,0.5789494416999693,0.5787509674313029,3.88,4.93
15.733333333333333,0.2879279125608684,0.2851087750357947,4.14,5.85
15.799999999999999,0.5913511855554803,0.5935735507898876,0.59,7.29
15.866666666666667,0.552781572016432,0.5561833047673023,0.73,2.57
15.933333333333334,0.5571848229466781,0.5562323702578804,0.59,2.04
16.0,0.29476136713042594,0.29456654798493326,0.0,2.96
16.066666666666666,0.5709607416537636,0.5709607416537636,1.91,3.09
16.133333333333333,0.5668053819128774,0.5685529832959592,0.86,2.57
16.2,0.5668869226232075,0.5657192873551885,3.75,4.01
16.266666666666666,0.3038108568182156,0.30361124390309197,3.35,5.19
16.333333333333332,0.5422269440122829,0.5435148939980603,1.91,2.69
16.4,0.5809810254893406,0.5813814259204153,2.17,2.83
16.466666666666665,0.5535981753764093,0.5541663568769667,3.35,3.22
16.53333333333333,0.3011160431097828,0.2993354620401455,2.04,2.83
16.6,0.5568471558859177,0.5583827564536831,3.48,3.35
16.666666666666668,0.5735041996382313,0.5731141933821019,6.64,4.93
16.733333333333334,0.5880904669390252,0.5858871307209293,2.04,2.69
16.8,0.28654312684610367,0.2869216514522412,0.86,2.69
16.866666666666667,0.5647931858174619,0.5680435189789028,0.99,1.78
16.933333333333334,0.6007448420952153,0.599343571220618,2.17,2.96
17.0,0.28836258776736046,0.287409638039114,3.48,3.75
17.066666666666666,0.5690022411073413,0.5678554445179412,2.3,3.22
17.133333333333333,0.5915268902640798,0.5927123148938676,2.17,4.01
17.2,0.5658000971732148,0.5644483563267259,3.35,2.83
17.266666666666666,0.30649002354888893,0.3051491296958625,2.17,4.14
17.333333333333332,0.6012145255689434,0.603660973282347,2.17,3.61
17.4,0.5472116998409688,0.5455302709237381,3.48,3.48
17.466666666666665,0.5653619532007326,0.5655525032355153,2.3,4.66
17.53333333333333,0.31376300429972864,0.31553234454953916,2.17,3.35
17.6,0.5778760674696671,0.5772847890923107,0.59,1.51
17.666666666666668,0.539830867273583,0.5400113523512405,1.38,2.17
17.733333333333334,0.3234411441099607,0.32323420799728647,2.17,2.83
17.8,0.5653948288819258,0.5657828829854824,2.17,3.22
17.866666666666667,0.5712390616335534,0.5714344906659289,3.35,3.75
17.933333333333334,0.5673942818749683,0.5670065850646677,3.09,3.61
18.0,0.29198487953550284,0.29370919969024006,2.17,2.83
18.066666666666666,0.568202024308814,0.5687873972734178,2.17,2.83
18.133333333333333,0.5778750849729296,0.57461133864584,2.3,3.48
18.2,0.5854942902254973,0.5876745330123897,3.61,4.01
18.266666666666666,0.2998025156568193,0.30019621561172,3.48,3.35
18.333333333333332,0.5562671956561086,0.5543693205429864,2.3,2.83
18.4,0.5645379029337936,0.5655032550249937,2.17,2.83
18.466666666666665,0.5626628369039715,0.5628555296563358,2.17,2.69
18.53333333333333,0.29448697335261786,0.29409872421174427,2.17,2.69
18.6,0.569474756213207,0.5698649410410338,3.61,4.4
18.666666666666668,0.5638753448997734,0.5642602427461214,2.04,2.69
18.733333333333334,0.5546826410237008,0.5552521303882015,2.04,2.96
18.8,0.3103099721877694,0.31051385521811614,2.3,2.83
18.866666666666667,0.5392852076982718,0.5409502392143214,2.57,2.69
18.933333333333334,0.5827903968540062,0.5819906844741036,4.53,3.75
19.0,0.5687249398377038,0.5683369964953862,4.53,3.48
19.066666666666666,0.2941615734067245,0.29377578773668284,3.09,2.96
19.133333333333333,0.5770410097619013,0.576843865583643,2.17,2.83
19.2,0.5319816431262743,0.5332586909664264,0.99,1.91
19.266666666666666,0.5910987655795914,0.5894815322948319,2.17,2.96
19.333333333333332,0.30032967739846017,0.3013176039688498,2.3,4.01
19.4,0.5656110092907346,0.5673561238205997,2.3,2.69
19.466666666666665,0.5637355615466629,0.5612300701620112,3.22,2.96
19.53333333333333,0.5639181322420799,0.5668139802337372,3.22,3.61
19.6,0.3003739662135879,0.3013646455216802,2.96,2.69
19.666666666666668,0.5590486610219969,0.5569598243130153,3.09,3.35
19.733333333333334,0.5711893146086778,0.5715813457099879,2.17,2.57
19.8,0.5616547687531519,0.5608866938557117,2.17,2.3
19.866666666666667,0.29301825750441923,0.29359810893747545,2.17,2.57
19.933333333333334,0.5797123931784277,0.5811035439333982,3.35,3.09
20.0,0.5521014265326959,0.552290437633871,3.09,2.69
20.066666666666666,0.5802607991916897,0.5786770099069631,3.35,2.83
20.133333333333333,0.2921670868513271,0.29178391690135813,2.43,2.69
20.2,0.5670524912936884,0.5672438045498602,0.59,1.91
20.266666666666666,0.5709950261194959,0.5706130896471752,2.17,2.57
20.333333333333332,0.30408547706066474,0.30348530835593973,3.75,4.01
20.4,0.5636504106856235,0.5659042610449129,2.43,3.22
20.466666666666665,0.5930049754033372,0.5930049754033372,4.53,2.96
20.53333333333333,0.5548084563939237,0.5529149121741492,2.69,2.69
20.6,0.3089970374964792,0.3089970374964792,4.01,4.01
20.666666666666668,0.5836501518346952,0.5842316697541584,2.96,3.22
20.733333333333334,0.5652877131141945,0.5645159892737655,2.17,2.83
20.8,0.5752417539441227,0.5750472841152031,1.38,2.3
20.866666666666667,0.3084709673948418,0.30885752249182785,2.3,2.69
20.933333333333334,0.5664824038047908,0.5674547388610983,3.09,2.69
21.0,0.5681543562164121,0.5666428048862721,4.01,3.75
21.066666666666666,0.3128653430310094,0.3130658977380805,2.69,3.75
21.133333333333333,0.5664815691583632,0.5676423920459828,2.17,2.83
21.2,0.574408770634819,0.5734268753004005,1.25,1.38
21.266666666666666,0.5603710897042167,0.55979378432334,2.17,3.48
21.333333333333332,0.29281357648353057,0.29434763582332646,2.43,2.83
21.4,0.5698790881048635,0.5687101053600331,2.04,2.69
21.466666666666665,0.5696201589110172,0.5686421023194805,2.3,2.83
21.53333333333333,0.5577711490137259,0.5589133424929349,2.3,4.8
21.6,0.31720794416939335,0.31700602950092144,2.3,2.69
21.666666666666668,0.5348633122416555,0.5330009748034883,2.04,2.83
21.733333333333334,0.5881623664573871,0.5883632415825432,2.04,4.4
21.8,0.5512907404971491,0.5516691143753215,1.91,3.61
21.866666666666667,0.30119290349501976,0.3017861922084045,2.3,3.48
21.933333333333334,0.5525355604154828,0.5521565922670497,2.17,4.14
22.0,0.5672522284138886,0.5691895652595644,2.17,3.35
22.066666666666666,0.5510681784172662,0.5510681784172662,2.17,2.69
22.133333333333333,0.30770009162339573,0.30830699515716964,2.17,2.69
22.2,0.5797235870155333,0.5783333625862395,2.17,3.35
22.266666666666666,0.553880942023397,0.5540701736400774,3.09,4.4
22.333333333333332,0.5736093662470869,0.5749821066107551,1.12,2.69
22.4,0.2870734998127262,0.2872624882918655,2.3,2.83
22.466666666666665,0.5662100009575859,0.5648489192245147,3.75,2.96
22.53333333333333,0.5735608130371752,0.5741474759894805,2.96,3.61
22.6,0.5684764935848345,0.567309590074226,2.17,2.83
22.666666666666668,0.28861456799204843,0.2909097136619653,4.4,3.88
22.733333333333334,0.5726289743876664,0.5700900328231917,4.01,4.01
22.8,0.543807478503579,0.5449229810235864,2.17,2.83
22.866666666666667,0.5914261293789653,0.5904147987883719,2.17,3.61
22.933333333333334,0.30806058284078064,0.3092742161284003,2.3,2.57
23.0,0.5401112082942653,0.53918381954376,2.43,2.83
23.066666666666666,0.5703040079161239,0.5714758654666365,3.48,4.93
23.133333333333333,0.5539502580045522,0.5541391261457062,3.09,2.83
23.2,0.30409373439638915,0.3023002588986385,2.17,2.57
23.266666666666666,0.584447938494139,0.5864508443834268,2.17,2.83
23.333333333333332,0.5503486061028476,0.5494055824460573,2.17,3.48
23.4,0.5593962405774132,0.5609293580575843,3.88,3.22
23.466666666666665,0.29886142692430995,0.2984702470461368,3.22,3.48
23.53333333333333,0.5745217401621606,0.5735535538794472,2.04,2.83
23.6,0.5803580983491212,0.5807451327594908,1.25,2.69
23.666666666666668,0.5695373922950605,0.5699274863993722,2.17,2.96
23.733333333333334,0.2935196778936036,0.29370855799520823,2.57,2.69
23.8,0.5955186717486167,0.5959160816063067,4.01,4.27
23.866666666666667,0.5943743523207785,0.5939693272084645,3.75,2.57
23.933333333333334,0.29252235797823944,0.2927052987899832,1.91,2.04
24.0,0.5840253304118536,0.5844202089314018,1.91,2.17
24.066666666666666,0.5658899664594167,0.5666648928085566,2.17,2.43
24.133333333333333,0.5659224972619563,0.567652559244075,2.17,2.83
24.2,0.3173955567137084,0.3164030752980933,4.8,3.88
24.266666666666666,0.5683516774192154,0.5685450600927162,2.04,3.22
24.333333333333332,0.5852857491714635,0.585675939670911,2.17,1.64
24.4,0.297265858718568,0.29745653598522515,2.17,2.57
24.466666666666665,0.5711600555322618,0.5711600555322618,2.17,2.96
24.53333333333333,0.5698377292817278,0.5698377292817278,2.17,2.83
24.6,0.5674974490112203,0.5673024996986091,2.17,2.83
24.666666666666668,0.29282677005002183,0.29282677005002183,3.61,4.01
24.733333333333334,0.5674314831224788,0.568983963240461,3.75,4.27
24.8,0.569069056288359,0.5680999332360969,2.96,3.48
24.866666666666667,0.5637823006259055,0.5637823006259055,2.04,2.83
24.933333333333334,0.29369305908096277,0.29427271643441205,2.17,2.83
25.0,0.5651841292316094,0.5649912336243631,1.91,2.04
25.066666666666666,0.5774485946792046,0.5774485946792046,1.91,2.43
25.133333333333333,0.5581073873187745,0.5586829535483917,3.48,4.01
25.2,0.30458003336351014,0.3059142387662289,3.35,3.09
25.266666666666666,0.5933709247879331,0.5911747336127422,3.22,2.69
25.333333333333332,0.5591767440629634,0.5603249509296224,2.04,2.3
25.4,0.5673298214380583,0.5681091206433304,3.22,2.96
25.466666666666665,0.2991457335772609,0.29445937743766937,2.69,4.27
25.53333333333333,0.5585063477061118,0.5615624699917815,2.17,2.57
25.6,0.5819992840269473,0.5827968164476762,1.25,1.64
25.666666666666668,0.5669364296549526,0.5659643164353796,2.17,2.96
25.733333333333334,0.2858188657008204,0.28488175466573573,2.83,4.01
25.8,0.5680762496247349,0.570990457471647,2.17,2.57
25.866666666666667,0.574043309401109,0.5726685905623107,2.04,3.48
25.933333333333334,0.5701891464611316,0.5721391777417785,2.17,2.57
26.0,0.29187024423284647,0.29110468293649805,2.17,2.83
26.066666666666666,0.5694144624072187,0.5682424257779071,2.3,3.88
26.133333333333333,0.5724033803908127,0.5747525050709392,2.57,3.35
26.2,0.5587664487494212,0.5589576761446127,2.17,2.83
26.266666666666666,0.29871897403723985,0.29754291508433733,2.17,3.09
26.333333333333332,0.5203003035685869,0.5208365113702721,2.3,4.4
26.4,0.6201744543696055,0.6201744543696055,2.17,3.61
26.466666666666665,0.5717723170423306,0.573534025653553,2.17,3.48
26.53333333333333,0.29390497176642055,0.29351952262312025,2.17,2.96
26.599999999999998,0.5779881484596981,0.5789792118143958,2.17,2.69
26.666666666666668,0.5452481099530562,0.5458098353410572,3.22,3.09
26.733333333333334,0.5721845434117929,0.5706249262576891,2.83,3.35
26.8,0.29447508077006024,0.29447508077006024,2.3,3.09
26.866666666666667,0.5778909717890631,0.5769287823588449,2.17,2.69
26.933333333333334,0.5808434360840309,0.5814337241288318,2.17,3.48
27.0,0.5634562229446318,0.5665500114028041,4.27,4.01
27.066666666666666,0.28846003478785964,0.28735482392660344,4.27,3.48
27.133333333333333,0.609312784625676,0.6082982778247674,2.04,2.83
27.2,0.5915448544210926,0.5927574506378765,2.17,2.83
27.266666666666666,0.28752373432898654,0.28863529515757796,3.22,2.69
27.333333333333332,0.5973509583112245,0.5953644236976189,3.88,2.83
27.4,0.5589219503702859,0.559877699259428,2.3,2.83
27.466666666666665,0.5656387195884002,0.5660212956584634,2.57,2.83
27.53333333333333,0.32248503978231163,0.32309121466912055,3.22,2.69
27.599999999999998,0.5588433116004206,0.5563646479870443,3.48,2.69
27.666666666666668,0.5724411690518573,0.5764630039632287,2.17,3.61
27.733333333333334,0.3050514371907772,0.306228484536851,4.66,2.69
27.8,0.5706871838567551,0.5631194177328471,3.61,2.83
27.866666666666667,0.5637529874804393,0.5668431032048953,2.69,4.14
27.933333333333334,0.5639031014432886,0.5660281216953873,2.17,2.69
28.0,0.3001915775177401,0.2988091163054874,2.3,2.83
28.066666666666666,0.5626141271920679,0.56222811406878,3.75,3.75
28.133333333333333,0.5653222495130349,0.5659010777548571,2.17,2.57
28.2,0.5597773378332376,0.5592026177738605,2.17,3.09
28.266666666666666,0.3000601373386394,0.2998628591418356,2.17,3.35
28.333333333333332,0.5650682831326559,0.5654547867462897,2.17,2.96
28.4,0.5727021098465005,0.5738805092494769,2.3,3.22
28.466666666666665,0.47911284039993507,0.479770059659743,2.83,3.35
28.53333333333333,0.3587718569869809,0.35477243300745387,4.01,4.66
28.599999999999998,0.5456084739340046,0.5472855491612607,2.43,3.48
28.666666666666668,0.5882747268046938,0.587070890392406,2.17,2.43
28.733333333333334,0.5662777525760074,0.5668601431340218,2.04,2.57
28.8,0.2982122121760256,0.2992003242110688,4.14,3.22
28.866666666666667,0.5540843396276839,0.5518189181368722,2.96,4.01
28.933333333333334,0.5652439010785545,0.569520161678186,3.88,3.88
29.0,0.5662687340683152,0.5637648246999859,2.57,3.09
29.066666666666666,0.2988777253695483,0.2996642456994682,1.51,2.17
29.133333333333333,0.5605628041364558,0.5605628041364558,1.38,2.17
29.2,0.5248635143922645,0.5250430776883276,2.17,2.96
29.266666666666666,0.6219150766529074,0.6217015802311247,2.83,2.69
29.333333333333332,0.2956283894754824,0.2967991949783556,4.14,4.14
29.4,0.5761369193435432,0.5757444555020286,4.01,2.83
29.466666666666665,0.5658259520856987,0.565245419303121,2.04,3.22
29.53333333333333,0.5544751663397283,0.5550446375821175,3.35,3.09
29.599999999999998,0.2976695319328403,0.2970839525257593,2.17,2.69
29.666666666666668,0.5533599394317492,0.5539282652853251,2.17,2.83
29.733333333333334,0.5797339224763116,0.5817179536962852,2.17,2.83
29.8,0.5625774417248923,0.5618059951129967,2.96,2.83
29.866666666666667,0.2959292081386193,0.29534475282300643,3.35,2.96
29.933333333333334,0.5807998515950253,0.5806014909899725,3.75,4.14
30.0,0.5504170361898358,0.5517329239129674,2.04,2.83
30.066666666666666,0.567789955746655,0.567789955746655,2.04,2.83
30.133333333333333,0.2923459319604754,0.29080828077330656,1.12,1.78
30.2,0.5820919888330024,0.5826756372175275,2.04,2.83
30.266666666666666,0.5915152737584832,0.5931221064206453,3.48,4.14
30.333333333333332,0.5558947391120715,0.5545698282595743,3.75,4.93
30.4,0.297763646197167,0.29910148029433015,2.04,2.83
30.466666666666665,0.595598598122232,0.5961930079007972,1.25,2.43
30.53333333333333,0.5631357810474837,0.5646802055412719,2.3,2.57
30.599999999999998,0.560512989499569,0.5584264775251205,2.3,2.96
30.666666666666668,0.31860588971961923,0.3202049155149498,3.09,3.09
30.733333333333334,0.549938287432501,0.5514413644053264,4.27,3.22
30.8,0.5819515557816566,0.5795970653334502,2.69,2.96
30.866666666666667,0.29344710814323804,0.2947285365630775,2.17,2.69
30.933333333333334,0.6137323869017159,0.6137323869017159,2.17,2.83
31.0,0.5793011766456965,0.5816331505201509,4.27,2.69
31.066666666666666,0.5790400940414208,0.5755460539164642,4.53,3.22
31.133333333333333,0.30049224552139603,0.29989916872102484,2.17,3.35
31.2,0.489914868823195,0.4905855257278127,2.17,3.22
31.266666666666666,0.6576574533283311,0.6570006715839953,2.17,3.48
31.333333333333332,0.3031772755727764,0.3043448388933391,2.17,2.83
31.4,0.5731339824809707,0.5741177345964547,2.3,2.69
31.466666666666665,0.5732541197800191,0.5716857090555868,5.32,3.61
31.53333333333333,0.565820685984873,0.565820685984873,2.17,3.35
31.599999999999998,0.294199174498338,0.2945862786753095,2.04,2.96
31.666666666666668,0.5571000362677554,0.5567195034560971,2.17,2.04
31.733333333333334,0.5774485946792046,0.5776464187952304,0.86,2.57
31.8,0.5266402334693602,0.5262784057582854,2.17,3.35
31.866666666666667,0.3132858258208915,0.31349193491682625,3.22,3.88
31.933333333333334,0.5611777384624734,0.5609858172112893,3.75,4.27
32.0,0.5687943494664774,0.569182075676066,2.96,2.96
32.06666666666666,0.572789374779296,0.5731815619581931,1.12,2.3
32.13333333333333,0.29527151282974706,0.29527151282974706,2.04,2.96
32.2,0.562712878831781,0.5632916030815223,2.3,3.09
32.266666666666666,0.5795189892410696,0.5795189892410696,3.61,2.69
32.333333333333336,0.5553987718151541,0.554448722598912,2.96,4.01
32.4,0.29991252240705035,0.2997161160400516,2.04,2.83
32.46666666666667,0.56194542346721,0.5617535022160259,2.04,2.17
32.53333333333333,0.5689965218542278,0.5688017267423296,2.17,2.57
32.6,0.5694304003485864,0.5694304003485864,2.17,2.69
32.666666666666664,0.2900603920626469,0.29025097050684046,2.17,2.96
32.733333333333334,0.5724759307960097,0.5726722531316737,2.3,2.57
32.8,0.5701943918466779,0.5690231606412414,2.57,3.88
32.86666666666667,0.5468922829021536,0.5474533898955554,4.01,4.27
32.93333333333333,0.311841979503498,0.311841979503498,2.43,2.69
33.0,0.5505383465331187,0.5503500639248652,2.04,2.43
33.06666666666666,0.5658348369650872,0.5662222623926566,1.38,2.69
33.13333333333333,0.560543416302437,0.5607352518316301,2.3,2.43
33.2,0.3129782293286287,0.3123605091391643,2.3,2.96
33.266666666666666,0.5544753617814133,0.5575250715746422,2.3,3.75
33.333333333333336,0.5574209493819441,0.5555243146443396,3.61,2.69
33.4,0.5677439383160532,0.5671590372807002,2.43,2.69
33.46666666666667,0.29884488960178124,0.29963132352178595,3.22,3.75
33.53333333333333,0.5598852725810534,0.5604513850912465,2.17,2.69
33.6,0.606117856739649,0.606319896025229,2.69,2.69
33.666666666666664,0.5492539905222281,0.549629292189821,2.17,2.57
33.733333333333334,0.3023967924242534,0.30200810760108593,2.3,2.69
33.8,0.5924171995767539,0.5928130680696218,2.17,2.96
33.86666666666667,0.564685542686507,0.5642987717668586,3.22,4.4
33.93333333333333,0.5696776779758654,0.5700609122025562,3.35,4.53
34.0,0.31181081004340544,0.31181081004340544,2.3,2.96
34.06666666666666,0.5536994402559513,0.5542669490775323,0.73,1.12
34.13333333333333,0.5724508760321506,0.5724508760321506,1.64,2.17
34.2,0.3258864030111973,0.32527650955578025,2.17,2.96
34.266666666666666,0.5556160341980737,0.5561886374624483,3.35,4.14
34.333333333333336,0.5805274249455381,0.5807207407713607,3.48,3.22
34.4,0.5892138714884377,0.588617098492332,2.69,3.48
34.46666666666667,0.2847429532783983,0.28325215247589364,2.83,4.14
34.53333333333333,0.5737102862028806,0.575670348677096,2.04,3.35
34.6,0.5664111642281825,0.5671868043024423,1.12,1.91
34.666666666666664,0.5743279357143379,0.5733458428010098,0.86,2.69
34.733333333333334,0.2876056857046816,0.28874547045648347,0.99,2.83
34.8,0.573929816656258,0.573929816656258,3.61,4.01
34.86666666666667,0.5651354136743275,0.5659085127354415,5.45,4.4
34.93333333333333,0.5684674881810646,0.5680805123552096,2.17,2.57
35.0,0.29273664745525274,0.2925438038139779,1.12,1.91
35.06666666666666,0.5714997213677271,0.5713038681390199,2.04,2.83
35.13333333333333,0.5703421731647925,0.5699519287767222,2.17,2.83
35.2,0.5472433887126712,0.5470557195121525,2.3,2.69
35.266666666666666,0.30698751763246335,0.30517102344528907,3.35,4.14
35.333333333333336,0.5575819146505457,0.5612050529468386,3.75,5.45
35.4,0.5699730424968208,0.5705582304254623,3.48,2.69
35.46666666666667,0.5634907950997912,0.56194962369439,3.09,2.69
35.53333333333333,0.2911689590298929,0.2898333216031503,2.69,3.09
35.6,0.5811055643109488,0.5822959478499948,2.04,2.69
35.666666666666664,0.5576542954147009,0.5568890751122451,2.17,2.69
35.733333333333334,0.5854561708539867,0.5860564335035294,3.22,4.93
35.8,0.28881677372816955,0.289006535077531,2.04,3.22
35.86666666666667,0.5608354573137176,0.5631465924400105,2.17,2.96
35.93333333333333,0.5641172744011766,0.5631519813238303,3.61,3.48
36.0,0.5765718924081152,0.5759799294795648,2.96,3.09
36.06666666666666,0.292583711218841,0.29181426030176316,2.96,3.88
36.13333333333333,0.5783064309213928,0.5788929485998121,2.04,3.75
36.2,0.5583070504973491,0.560041521831307,0.59,1.51
36.266666666666666,0.5619878151052888,0.5589031478525668,2.3,2.83
36.333333333333336,0.2998527944391059,0.2996551327420465,2.83,5.58
36.4,0.5498227083586743,0.5516992363735503,4.27,4.66
36.46666666666667,0.5760151912849694,0.5764081075136767,2.04,2.83
36.53333333333333,0.5713326497624412,0.5715281108126509,1.12,1.91
36.6,0.2954645190386185,0.2948802121453319,1.38,2.3
36.666666666666664,0.559741275198957,0.5603181298281555,2.17,2.69
36.733333333333334,0.5697181788799269,0.5691348496865346,3.22,3.88
36.8,0.5811121484450597,0.5823045810342082,2.17,2.69
36.86666666666667,0.28907448290572574,0.2888888217092545,2.17,2.69
36.93333333333333,0.5970736866940161,0.5966757702083819,2.17,2.96
37.0,0.5648314243408249,0.5652190917562957,3.22,3.48
37.06666666666666,0.31045068399956793,0.309290843337054,2.43,4.14
37.13333333333333,0.5738610553837581,0.5758037129849217,2.43,3.75
37.2,0.5645133989976268,0.5633585812703898,2.83,3.48
37.266666666666666,0.5688517863039171,0.5690437713819811,1.38,2.57
37.333333333333336,0.31437978837937536,0.31339550601124955,2.17,2.83
37.4,0.5655609444523304,0.5661412053392514,2.57,3.75
37.46666666666667,0.570298560246405,0.5714522323170316,2.3,2.69
37.53333333333333,0.314646576192318,0.31425104309842444,2.17,2.3
37.6,0.5620919509059834,0.5617072199334263,2.17,2.96
37.666666666666664,0.6038497400471491,0.6046546047456458,2.17,2.83
37.733333333333334,0.5450081739946472,0.5466703473480705,2.3,2.69
37.8,0.3029877511093394,0.3017987867491981,2.3,2.83
37.86666666666667,0.5658071877159642,0.5661951254517995,2.17,2.83
37.93333333333333,0.5637870079843379,0.5647530583749897,2.83,2.83
38.0,0.5741576889390934,0.5759297805716214,3.75,2.96
38.06666666666666,0.30041314570825,0.2988959075986124,3.09,2.83
38.13333333333333,0.5651355667935711,0.5629695419731079,3.09,4.27
38.2,0.5631338458619234,0.5640941696099826,2.17,3.61
38.266666666666666,0.5674876779286153,0.5674876779286153,0.86,1.51
38.333333333333336,0.2983341749046047,0.2983341749046047,2.17,2.69
38.4,0.5959840757872945,0.5949773459295457,2.17,2.17
38.46666666666667,0.5533616589336416,0.5535514914066891,2.17,2.83
38.53333333333333,0.5807970388123294,0.5798042233613682,3.35,3.35
38.6,0.2927456553277778,0.29332268355772745,2.69,3.35
38.666666666666664,0.5693652029213377,0.5678084969666656,3.22,2.96
38.733333333333334,0.5613738628801271,0.563102940486534,2.17,2.69
38.8,0.5804117082992795,0.5796182541525956,2.17,2.69
38.86666666666667,0.2923218325108791,0.2927054569629931,2.04,2.57
38.93333333333333,0.5732151499072125,0.5732151499072125,1.12,1.78
39.0,0.5644992161190454,0.5646929358225866,2.3,2.83
39.06666666666666,0.5366836327302823,0.5381524897476762,3.48,3.61
39.13333333333333,0.30802563106480735,0.3072182244302993,3.22,2.96
39.2,0.5660888373954138,0.5662823720406772,2.3,2.3
39.266666666666666,0.5734740085147423,0.5732778819728426,1.64,2.69
39.333333333333336,0.5825260950458797,0.5833251706220743,2.3,2.43
39.4,0.2835273617500321,0.284273977580842,3.61,2.83
39.46666666666667,0.5752390646190564,0.5742624278370206,3.48,2.69
39.53333333333333,0.5317183472112347,0.5311696182667444,3.35,2.96
39.6,0.6058482218481176,0.6056413064718034,2.17,2.57
39.666666666666664,0.30095036270869113,0.30075249922236064,2.17,2.57
39.733333333333334,0.5543360070810224,0.5545257831875204,2.17,2.69
39.8,0.5772359123208177,0.5776312793840511,2.3,2.69
39.86666666666667,0.5599554142184833,0.5586135149033414,2.83,2.69
39.93333333333333,0.28709573167309244,0.28823199446335535,2.57,4.01
40.0,0.5801976437649222,0.5819889915501312,3.61,3.22
40.06666666666666,0.5574904477766397,0.5561585593348525,4.93,4.14
40.13333333333333,0.5886812808604721,0.5894832989542874,2.17,2.57
40.2,0.29259160116330624,0.2918418469002357,1.12,1.12
40.266666666666666,0.5927300272564741,0.5935216533362824,1.38,1.91
40.333333333333336,0.5612373417069266,0.559506907970934,2.3,2.83
40.4,0.29454037621639945,0.2966252823543533,2.69,2.96
40.46666666666666,0.6015439149316458,0.6009411655178866,3.61,3.48
40.533333333333324,0.5676853458029275,0.5682671893415026,4.14,4.01
40.599999999999994,0.5271653889469299,0.5266328986550642,2.04,3.09
40.66666666666666,0.3363607679240182,0.3369918387831627,2.17,3.09
40.73333333333333,0.5752904087657276,0.57548688773047,0.99,1.91
40.8,0.5626365091478942,0.5626365091478942,1.12,2.17
40.86666666666666,0.3126213495020863,0.3126213495020863,2.17,3.09
40.93333333333333,0.5610614085012848,0.5599101197013506,3.09,3.75
40.99999999999999,0.5763277919832374,0.5788318900099025,3.48,3.61
41.06666666666666,0.5836863067781706,0.5850689816165622,5.32,3.88
41.133333333333326,0.29194741124622214,0.2904238761581792,2.96,3.61
41.199999999999996,0.5861588031476291,0.5865600069827748,2.96,3.75
41.26666666666666,0.548392020697485,0.5500799578336948,2.17,2.57
41.33333333333333,0.5690185090688668,0.5682390316591833,0.73,2.17
41.39999999999999,0.3037959092948464,0.3041821723708729,2.3,3.09
41.46666666666666,0.5735525807260272,0.5731510738441749,4.14,3.48
41.533333333333324,0.552798525608895,0.5514782971273998,3.48,3.88
41.599999999999994,0.5671559973443768,0.5681235101341147,3.09,2.83
41.66666666666666,0.30252974967413715,0.3015430251155131,2.17,1.38
41.73333333333333,0.5642764078942237,0.5636948794766069,2.04,2.43
41.8,0.5635165330174388,0.5637092541299619,2.17,2.83
41.86666666666666,0.5620838949253474,0.5620838949253474,2.17,2.69
41.93333333333333,0.29216862709782815,0.29332268355772745,3.22,2.57
41.99999999999999,0.569797085498803,0.5688190609785511,3.22,3.88
42.06666666666666,0.5623198350344947,0.5654031514705987,4.27,4.14
42.133333333333326,0.5656460870046691,0.562950700613224,4.14,2.96
42.199999999999996,0.3152493912701779,0.31664783597162993,2.17,2.96
42.26666666666666,0.5470916834075937,0.5470916834075937,2.17,2.83
42.33333333333333,0.5716995536429975,0.5707206160511431,1.78,2.3
42.39999999999999,0.5536086253212674,0.5539893740319423,3.88,4.01
42.46666666666666,0.3028015616721465,0.3024075453264443,2.43,3.22
42.533333333333324,0.5639213639997408,0.5641145539154653,2.04,2.83
42.599999999999994,0.5662300566255108,0.5662300566255108,2.17,2.96
42.66666666666666,0.5728533226575038,0.5728533226575038,2.17,2.69
42.73333333333333,0.2895461398249855,0.28745897892192207,2.57,3.88
42.8,0.5698157702293247,0.5711850494574762,2.3,4.8
42.86666666666666,0.5719937099098378,0.572579969264033,3.09,3.75
42.93333333333333,0.565149693872929,0.5668921903596904,2.43,2.83
42.99999999999999,0.2994975774642964,0.29773812694394475,2.17,2.69
43.06666666666666,0.5605881008835342,0.5623206877337923,2.17,2.83
43.133333333333326,0.5567386144057127,0.5573113907579821,3.88,2.83
43.199999999999996,0.5647398911382592,0.5628131088416428,2.17,2.83
43.26666666666666,0.300126438484737,0.3009162449018021,3.22,2.96
43.33333333333333,0.570212273179343,0.5700164585250918,5.32,2.83
43.39999999999999,0.5683155042205469,0.5694796875682161,2.96,4.4
43.46666666666666,0.5763263433296194,0.5753425154987392,2.04,2.83
43.533333333333324,0.2892767411618326,0.2892767411618326,2.17,2.57
43.599999999999994,0.59485983121272,0.5942649713815072,2.17,2.69
43.66666666666666,0.562801138267408,0.5637678183400074,2.57,3.88
43.73333333333333,0.5708678577060636,0.5702923860753116,2.43,2.69
43.8,0.292163203530806,0.2894207454250725,2.17,2.69
43.86666666666666,0.611607079131038,0.6151641507510269,2.57,5.32
43.93333333333333,0.5689818038057177,0.5674655298448763,2.69,3.09
43.99999999999999,0.31016921002098496,0.31016921002098496,3.35,4.66
44.06666666666666,0.5776063152105279,0.5803785087014252,3.48,2.69
44.133333333333326,0.5575264400834138,0.5577142859190214,2.17,2.69
44.199999999999996,0.5918637706059704,0.5900893622330678,2.43,2.04
44.26666666666666,0.29606744419217645,0.2956781378881762,2.17,2.96
44.33333333333333,0.5771061587090602,0.5772992353764101,3.22,3.75
44.39999999999999,0.5785175578629829,0.578322901887928,2.83,4.53
44.46666666666666,0.29604490343762463,0.2958502651053185,2.17,2.69
44.533333333333324,0.5707514842243999,0.5699717690820169,1.64,2.69
44.599999999999994,0.557307422828224,0.5563547605669792,2.17,2.83
44.66666666666666,0.5647240184615161,0.5674465171731075,2.3,3.75
44.73333333333333,0.2935313226663599,0.2943032656582504,3.35,3.22
44.8,0.5697624510391858,0.5685964978651629,2.83,2.83
44.86666666666666,0.5840127915353036,0.5832149598528783,2.3,2.96
44.93333333333333,0.5637164853571416,0.5639096050849103,2.83,2.83
44.99999999999999,0.27673290352396834,0.27673290352396834,0.73,2.83
45.06666666666666,0.5942364059471942,0.5950507072914178,1.78,3.09
45.133333333333326,0.560928779531976,0.5597793353116235,2.3,2.69
45.199999999999996,0.579655173100754,0.5792586921342009,2.17,2.83
45.26666666666666,0.29314204415418876,0.29237314698919414,1.38,2.57
45.33333333333333,0.5705160789790786,0.5722793498275718,1.78,2.17
45.39999999999999,0.5777920475785014,0.5795323850712079,3.48,2.69
45.46666666666666,0.565141320306176,0.5653319244614227,5.32,3.35
45.533333333333324,0.30864926806748244,0.3065112693592064,1.91,2.69
45.599999999999994,0.5687953717582365,0.5697887272799937,2.17,2.57
45.66666666666666,0.5610273209277724,0.5608354511189735,2.3,3.61
45.73333333333333,0.5593342181472122,0.5595255743627946,2.17,2.69
45.8,0.3021250647925427,0.3023224031758167,2.17,2.83
45.86666666666666,0.5623257825254141,0.561170318588718,2.17,2.69
45.93333333333333,0.5698042280704309,0.5713680132589605,1.12,1.64
45.99999999999999,0.5617494942109242,0.5623294145421812,2.3,2.83
46.06666666666666,0.28791077843415924,0.288098709751675,5.06,4.4
46.133333333333326,0.5846870445244566,0.5836916631071525,2.17,2.43
46.199999999999996,0.5204413624152607,0.5206195957585535,1.51,1.64
46.26666666666666,0.6208025689009274,0.6201647580424675,2.3,2.69
46.33333333333333,0.3011011801614084,0.3011011801614084,2.3,2.83
46.39999999999999,0.5567981214978127,0.5566067161621311,2.57,4.27
46.46666666666666,0.5601368065191552,0.5620531144442977,3.22,4.53
46.533333333333324,0.5688636646133469,0.5688636646133469,2.83,2.57
46.599999999999994,0.3051322556673403,0.3071305022663406,2.3,1.78
46.66666666666666,0.5565145036277072,0.5536596070632694,0.73,1.64
46.73333333333333,0.5662986320676295,0.5672696516699404,1.91,2.69
46.8,0.5734901346536103,0.5746697509744612,2.17,2.69
46.86666666666666,0.2920292854660033,0.2909046540713974,3.35,3.48
46.93333333333333,0.5911846471061795,0.5905936594549571,3.35,3.88
46.99999999999999,0.5815840286924446,0.5819808789337906,2.3,2.57
47.06666666666666,0.558167526568008,0.5585441578275007,2.17,2.69
47.133333333333326,0.3073410347751557,0.3063823914976287,2.04,1.91
47.199999999999996,0.5830518101698949,0.582652459614984,0.99,2.3
47.26666666666666,0.5520273201732785,0.5525890847460464,3.35,4.01
47.33333333333333,0.31894304646901067,0.3195388304910574,3.09,4.14
47.39999999999999,0.5734334188789483,0.5730413276523644,2.17,2.57
47.46666666666666,0.5740535280574603,0.5748290140798278,1.64,2.69
47.533333333333324,0.5794065571461035,0.5790192532977437,2.17,4.01
47.599999999999994,0.29149510837676945,0.29206854137685495,3.75,3.75
47.66666666666666,0.5787226521817894,0.5779507646830475,2.69,3.09
47.73333333333333,0.5786805842091081,0.5798535853933157,3.75,3.88
47.8,0.2952384786715549,0.29408068071598015,2.17,2.57
47.86666666666666,0.5804901458636096,0.5814837955484156,2.04,2.83
47.93333333333333,0.5551918637557426,0.5559513601493894,2.04,2.69
47.99999999999999,0.5804764635208441,0.5800775106249535,2.3,2.83
48.06666666666666,0.28723298664013863,0.28647810362662973,3.61,3.61
48.133333333333326,0.5546949846289473,0.555262931712185,2.04,3.35
48.199999999999996,0.5405348658444036,0.5401651429539491,2.04,2.96
48.26666666666666,0.6130009280038764,0.6125813517355643,2.17,3.75
48.33333333333333,0.2786949124651223,0.2786949124651223,2.17,2.69
48.39999999999999,0.5982766521321088,0.5990953680433397,1.91,2.83
48.46666666666666,0.5742512314780955,0.5754291827221532,2.17,2.83
48.533333333333324,0.5610552554486617,0.5587503382746173,2.17,2.83
48.599999999999994,0.30445191754869666,0.3038510256061663,2.3,3.35
48.66666666666666,0.5506116562472961,0.5511781291446699,3.48,4.27
48.73333333333333,0.5713425633113227,0.5732925379301327,2.04,3.88
48.8,0.5631203627314947,0.5621584215583969,2.04,2.83
48.86666666666666,0.2977659932598682,0.29757035200279863,1.12,1.51
48.93333333333332,0.5633025016238296,0.5631094575862614,2.17,2.83
48.99999999999999,0.5655660708934633,0.5663416157284218,3.35,4.01
49.06666666666666,0.5628750471173368,0.5634517633541374,2.3,3.48
49.133333333333326,0.2966956159502698,0.2953310500424827,2.17,2.69
49.19999999999999,0.5645354683709933,0.5649218718401041,2.17,2.69
49.266666666666666,0.5700541895766206,0.5696641422351382,2.04,2.96
49.33333333333333,0.5640279571653362,0.5638341997083917,3.35,4.8
49.39999999999999,0.2726641675145727,0.272843198484707,3.88,3.48
49.46666666666666,0.6277514183216153,0.626466797410998,3.22,3.35
49.53333333333333,0.5696263767709535,0.5725485367065091,2.17,2.83
49.599999999999994,0.5601232982365622,0.5589755045926348,0.59,1.78
49.66666666666666,0.29616848515482097,0.2953860056696035,2.17,2.83
49.73333333333333,0.5682921832974337,0.5688752464129919,2.04,2.83
49.8,0.5539136794779379,0.5556227035147228,2.17,2.83
49.86666666666666,0.5524338379262688,0.5503570189866963,3.35,4.14
49.93333333333332,0.3121844031859463,0.31382747899218816,2.69,2.69
49.99999999999999,0.5577072356626369,0.5577072356626369,2.3,2.69
50.06666666666666,0.577711965930878,0.5767237484044825,2.3,2.83
50.133333333333326,0.5671062413400721,0.5678815061949458,2.57,2.96
50.19999999999999,0.2929759582622846,0.294293973498683,3.22,2.96
50.266666666666666,0.6002633602406677,0.5986642570498835,3.48,2.96
50.33333333333333,0.5454133503353833,0.5476593902132229,3.22,2.83
50.39999999999999,0.5761592646903076,0.5732464271539564,4.93,2.83
50.46666666666666,0.31100808013666226,0.31003860357763274,3.48,4.01
50.53333333333333,0.5776706250174436,0.5800365115362863,1.38,2.57
50.599999999999994,0.5830561182710572,0.5824722837067003,0.99,1.25
50.66666666666666,0.30310559319603486,0.30271599731789084,2.3,2.69
50.73333333333333,0.5593041846574095,0.5591132306851809,2.17,2.69
50.8,0.571188570106608,0.5723471676118952,0.99,2.57
50.86666666666666,0.5913548237544487,0.5913548237544487,2.17,2.96
50.93333333333332,0.29305748339065724,0.2936351262619923,2.3,2.69
50.99999999999999,0.5896218923158725,0.5906062360426102,2.17,2.96
51.06666666666666,0.5697217242110918,0.5681834947835896,2.96,3.48
51.133333333333326,0.5876183039693353,0.5886231232305688,2.17,2.83
51.19999999999999,0.28313103870039813,0.2838771020434822,2.3,1.91
51.266666666666666,0.5625420622456583,0.5625420622456583,2.57,2.69
51.33333333333333,0.5795468120424262,0.5785554558808756,2.17,2.17
51.39999999999999,0.5619968378888681,0.5618039769287141,3.35,2.83
51.46666666666666,0.3026080202364586,0.30279726852928945,3.48,3.75
51.53333333333333,0.5570686344164734,0.5570686344164734,2.17,2.69
51.599999999999994,0.6015164571524847,0.6019276098914816,1.12,2.96
51.66666666666666,0.3013310994009134,0.30312236749510646,2.17,1.38
51.73333333333333,0.5499527507827312,0.5488238706921748,2.17,1.38
51.8,0.5638601970385435,0.5630885785684258,2.17,2.69
51.86666666666666,0.5745414285911551,0.5761187557801494,2.96,2.69
51.93333333333332,0.2944394225220115,0.29502131861395225,3.88,3.88
51.99999999999999,0.5647922501880894,0.5647922501880894,5.32,3.88
52.06666666666666,0.569531146142141,0.5691430499607835,2.17,2.04
52.133333333333326,0.5787347701790245,0.5759666503353258,0.86,0.73
52.19999999999999,0.29441139044575626,0.295575838924777,1.91,2.69
52.266666666666666,0.5548042668967834,0.5559434953709042,2.3,0.86
52.33333333333333,0.5660417443402189,0.5642964974409171,2.17,2.69
52.39999999999999,0.5729743965472898,0.5739578747425306,3.48,4.01
52.46666666666666,0.2938842542584082,0.29311441993160164,3.35,4.01
52.53333333333333,0.5655703741760989,0.5669220275114464,2.17,2.83
52.599999999999994,0.5718664846501408,0.5732336517924054,1.25,2.57
52.66666666666666,0.5564881190753169,0.5559161888398849,2.04,2.04
52.73333333333333,0.29752433160515973,0.29713285222146874,2.17,2.3
52.8,0.562658462047,0.5628510214111503,2.17,2.04
52.86666666666666,0.5714706484493083,0.5716665588533019,2.3,2.69
52.93333333333332,0.5665038691788311,0.5655351553122463,3.48,4.14
52.99999999999999,0.2928071154442568,0.2941573458843818,2.96,3.35
53.06666666666666,0.5353057226301806,0.5351230867643907,2.96,2.96
53.133333333333326,0.6050298877237339,0.6056506434224929,2.17,2.69
53.19999999999999,0.5301337950216004,0.5301337950216004,2.17,2.43
53.266666666666666,0.3201116810639158,0.3205331579316761,1.38,0.86
53.33333333333333,0.5648455064145271,0.5654274214280036,2.04,2.17
53.39999999999999,0.5793141772631297,0.5797119212914602,3.61,2.83
53.46666666666666,0.5595427997155292,0.5597337047990214,3.35,4.14
53.53333333333333,0.2899148328663427,0.2899148328663427,2.43,2.57
53.599999999999994,0.5960185646319072,0.5962169069163105,2.17,3.48
53.66666666666666,0.5694008612005027,0.570375862675161,0.86,2.83
53.73333333333333,0.5731629297261422,0.5737376251770708,3.22,2.83
53.8,0.3054117436178913,0.3034602308791189,3.48,2.69
53.86666666666666,0.5657299066572039,0.5666969663267034,2.17,2.83
53.93333333333332,0.5743399407342018,0.575893785687152,3.75,2.96
53.99999999999999,0.3111375809734369,0.3107484157689673,2.57,2.69
54.06666666666666,0.5606007674711009,0.5623316103209258,2.3,1.38
54.133333333333326,0.5585855241873154,0.5568911292706703,4.4,2.69
54.19999999999999,0.6133895201736215,0.6158381809327976,2.17,2.69
54.266666666666666,0.27966420298270905,0.27966420298270905,0.86,0.59
54.33333333333333,0.5982177082563,0.5966187300852174,2.17,3.09
54.39999999999999,0.6001591255855535,0.6011759997393751,3.35,3.35
54.46666666666666,0.5514975871371148,0.550553565248828,3.09,3.88
54.53333333333333,0.2948092156915419,0.2942307803435532,2.83,3.61
54.599999999999994,0.5705831077909148,0.571168321234803,2.17,0.59
54.66666666666666,0.5655042854393999,0.5656978849893621,1.12,2.69
54.73333333333333,0.5696522723760763,0.5708235930183849,2.83,2.69
54.8,0.2931504410532572,0.2925737516610213,2.83,2.83
54.86666666666666,0.5755995218001323,0.5773760635340833,2.3,2.83
54.93333333333332,0.5569685586237431,0.5558276192752478,3.22,3.48
54.99999999999999,0.5742661301787645,0.5728880489613318,2.43,3.61
55.06666666666666,0.2909786544489828,0.29269929038199255,3.48,4.4
55.133333333333326,0.5728448675211439,0.5716746022146656,2.04,2.83
55.19999999999999,0.5649091523414448,0.5649091523414448,0.86,2.3
55.26666666666666,0.5671410723479304,0.5671410723479304,2.3,2.83
55.33333333333333,0.2946876862164662,0.2948816873265495,2.04,2.69
55.39999999999999,0.5611074498098274,0.5611074498098274,2.17,2.83
55.46666666666666,0.58329198322225,0.5848938836224484,2.3,2.96
55.53333333333333,0.5572245313540656,0.5549431617272321,2.57,4.14
55.599999999999994,0.2970358791687844,0.29625625743868256,2.17,3.88
55.66666666666666,0.5671670701497665,0.5693029269699128,2.17,2.83
55.73333333333333,0.5763082438643008,0.5776902780222487,3.48,2.43
55.8,0.5478733323564505,0.5486225608451432,2.17,2.69
55.86666666666666,0.29747392440761056,0.2968864183027898,2.17,2.17
55.93333333333332,0.5767258036779778,0.576137307959939,2.17,2.83
55.99999999999999,0.5518035144878395,0.5514246586591488,1.91,2.3
56.06666666666666,0.5642825200957542,0.565445589529136,2.3,2.83
56.133333333333326,0.29616038501765757,0.2942157994298857,2.69,2.83
56.19999999999999,0.5758859025914942,0.5768699864988617,2.17,3.48
56.26666666666666,0.5694903689057229,0.5691004405463215,2.17,2.83
56.33333333333333,0.5597713454836108,0.560537630693034,2.17,3.88
56.39999999999999,0.28941209023894576,0.29094337113968094,2.3,2.69
56.46666666666666,0.5798080485697606,0.5802047697798666,2.69,2.83
56.53333333333333,0.574235467962173,0.5722729407305865,2.57,3.35
56.599999999999994,0.5563311002824199,0.5559510927002598,2.17,2.83
56.66666666666666,0.28587736750243076,0.28681961327534583,2.17,3.09
56.73333333333333,0.5822614248529837,0.5830576797929535,2.43,2.83
56.8,0.5889762274831324,0.5913991670545405,2.17,2.17
56.86666666666666,0.5612373269720731,0.5599282095816018,3.48,2.96
56.93333333333332,0.30375003697624814,0.30316776853476013,2.96,2.69
56.99999999999999,0.5636475449424239,0.5621048900127149,2.17,3.75
57.06666666666666,0.5714819249720681,0.5726391614046811,2.17,2.57
57.133333333333326,0.31900169695354236,0.319995471710407,0.86,2.04
57.19999999999999,0.5582208480019982,0.5580292828516886,1.38,2.57
57.26666666666666,0.5624952738315835,0.564017588510424,2.17,2.57
57.33333333333333,0.5913031477270556,0.5913031477270556,3.35,2.04
57.39999999999999,0.2942549208632367,0.2927051911944375,3.35,2.96
57.46666666666666,0.5751121883977781,0.5762755980843548,4.01,4.01
57.53333333333333,0.5841156144994222,0.5841156144994222,2.04,2.57
57.599999999999994,0.3007508252886704,0.30055283264529403,2.3,2.57
57.66666666666666,0.5653038092597337,0.5653038092597337,2.17,2.69
57.73333333333333,0.5918154860199741,0.5932164695851211,2.17,2.83
57.8,0.5508517483547473,0.5512293026716456,2.96,2.83
57.86666666666666,0.3061118855708109,0.30552918528101874,4.27,2.96
57.93333333333332,0.5529999154639323,0.5522283773886425,5.19,3.61
57.99999999999999,0.5740573778145707,0.5746447489378462,2.04,2.69
58.06666666666666,0.5621483905161746,0.5621483905161746,0.59,1.91
58.133333333333326,0.30915982990501045,0.30753052908864675,1.78,2.17
58.19999999999999,0.5077501045556795,0.5098504152260235,2.3,2.83
58.26666666666666,0.6075864118478408,0.607171110130925,4.4,4.01
58.33333333333333,0.5892837074127323,0.5908959747380749,4.01,3.88
58.39999999999999,0.2897040913326397,0.28686385514310403,3.61,2.83
58.46666666666666,0.5731307215034449,0.5743043680321209,2.17,2.3
58.53333333333333,0.5593899928236988,0.5588309755090849,1.64,1.64
58.599999999999994,0.5851383987143762,0.5857320460583543,2.17,2.43
58.66666666666666,0.2941143474832227,0.2943078437644617,2.3,2.69
58.73333333333333,0.5902854860471329,0.5894774292558296,2.3,2.69
58.8,0.5661603517816176,0.5665482656917112,3.61,4.14
58.86666666666666,0.5495761055046481,0.5501391957766815,2.83,3.61
58.93333333333332,0.2960141747804666,0.29581968452108387,2.17,2.57
58.99999999999999,0.569867980806682,0.5687002185509306,2.17,2.17
59.06666666666666,0.5655295844583851,0.5672756449249805,2.17,2.69
59.133333333333326,0.5503279742990359,0.5488222890068362,2.3,2.69
59.19999999999999,0.3025996782487136,0.3027992822581125,2.17,3.88
59.26666666666666,0.5687195958577347,0.5675601267530298,3.88,4.27
59.33333333333333,0.5605559404738684,0.5634434195628478,2.17,2.43
59.39999999999999,0.5816929077630784,0.5806978805517149,0.99,1.64
59.46666666666666,0.29003905833520544,0.2909962829501731,0.99,2.43
59.53333333333333,0.5531352485477398,0.5540827224232926,2.17,2.83
59.599999999999994,0.582351703746791,0.5821525410574112,2.17,2.83
59.66666666666666,0.5532836673108765,0.5542313954152117,2.3,3.35
59.73333333333333,0.3015358709216237,0.302529072077492,2.04,2.96
59.8,0.5593999065260757,0.5586349152009119,2.17,2.83
59.86666666666666,0.5710352467999854,0.5694707666717662,2.04,3.35
59.93333333333332,0.567674184236018,0.5686458962939367,2.17,3.75
59.99999999999999,0.29925235322959276,0.2996455889105778,2.17,3.48
60.06666666666666,0.5591986986153709,0.5586249653404577,2.17,3.35
60.133333333333326,0.5633010999583039,0.5660027838909577,2.17,2.69
60.19999999999999,0.5578595759369086,0.5572930293127344,2.17,2.69
60.26666666666666,0.3205187469954606,0.32071982525580905,2.57,4.01
60.33333333333333,0.5736004754610218,0.5720385953372341,3.22,2.69
60.39999999999999,0.5544258564611743,0.5568624812529238,2.17,2.83
60.46666666666666,0.3142155417374647,0.31382301763785514,2.3,2.83
60.53333333333333,0.571896639302114,0.5736617523863797,2.3,2.83
60.599999999999994,0.577053038586937,0.5755142304840386,2.17,2.83
60.66666666666666,0.5744259490471646,0.576172514432781,2.17,2.83
60.73333333333333,0.2947505269061035,0.29358627202694837,2.3,2.57
60.8,0.5706390204653633,0.5721807672278499,2.17,2.57
60.86666666666666,0.5937693503470722,0.5947599565371742,2.3,2.57
60.93333333333332,0.29210587134042254,0.2917199983267628,2.83,2.83
60.99999999999999,0.5746790464670684,0.5754452851956912,4.27,3.61
61.06666666666666,0.5779457142786746,0.5785293013344929,2.17,2.69
61.133333333333326,0.5663914513955838,0.5660040427420984,0.99,1.25
61.19999999999999,0.30598679193108586,0.3040452513731475,1.91,2.69
61.26666666666666,0.5543605422261293,0.5543605422261293,2.17,2.96
61.33333333333333,0.5638899954711863,0.5658264308951945,3.75,2.69
61.39999999999999,0.5889778969102992,0.5871718318090411,2.43,2.96
61.46666666666666,0.2889935806017164,0.2895617200131222,2.17,2.69
61.53333333333333,0.5713022310614263,0.5738553176904392,2.17,2.83
61.599999999999994,0.5587440943208368,0.5560752381896558,2.3,2.83
61.66666666666666,0.5612078894638509,0.5625555584951535,2.3,2.69
61.73333333333333,0.3006927553640361,0.3022732691898655,3.09,2.57
61.8,0.5595753219875139,0.5578535517660138,2.3,2.96
61.86666666666666,0.5462403738540608,0.5464273144337507,2.04,2.83
61.93333333333332,0.5912581613582123,0.5900436632520331,3.35,4.01
61.99999999999999,0.3043982995139606,0.3065229069344261,2.17,2.83
62.06666666666666,0.561874934741424,0.5614828377876617,2.04,2.83
62.133333333333326,0.5859669590966499,0.5859669590966499,2.17,2.69
62.19999999999999,0.5473988222015747,0.5472112926290492,2.83,3.09
62.26666666666666,0.2903656541470329,0.28979630972713677,2.69,3.75
62.33333333333333,0.5774976861423635,0.5769037564000162,2.69,4.27
62.39999999999999,0.5622309102033946,0.5635768802346612,3.22,2.83
62.46666666666666,0.5525459061572305,0.552167967780926,2.17,2.83
62.53333333333333,0.3060938152703051,0.30629426963524964,2.17,2.57
62.599999999999994,0.5639506155527169,0.5641443464409177,2.04,2.96
62.66666666666666,0.557450623523937,0.557259911712947,3.61,3.09
62.73333333333333,0.5870557458706676,0.585851117117171,2.43,3.61
62.8,0.2927038023643329,0.29442897212286534,2.96,3.35
62.86666666666666,0.5631627545526621,0.5623923540676379,2.04,2.57
62.93333333333332,0.568059843604607,0.5674774172441102,1.91,2.69
62.99999999999999,0.5654714235489126,0.5641172326611799,2.17,2.96
63.06666666666666,0.30050072022963126,0.3014885595466254,2.57,4.01
63.133333333333326,0.5559488978323689,0.5551865407561503,3.22,4.01
63.19999999999999,0.5855226284566096,0.5861219351387555,3.09,4.01
63.26666666666666,0.5497887899530799,0.5503519058185149,2.17,2.96
63.33333333333333,0.2964963716466359,0.2963014364910497,1.12,2.83
63.39999999999999,0.5675188818569845,0.5665437635032784,2.17,4.14
63.46666666666666,0.5704244919661481,0.5712034943450708,3.48,2.83
63.53333333333333,0.5625819776403419,0.5629571573520059,2.04,2.96
63.599999999999994,0.30086334233913664,0.3014434130505874,2.17,2.83
63.66666666666666,0.5892323312815042,0.590845561483507,2.17,2.69
63.73333333333333,0.5623994353907774,0.5633500767622966,2.3,2.57
63.8,0.31362665332359707,0.31165663665699156,3.61,3.75
63.86666666666666,0.5669250989227632,0.5684724891620611,2.17,2.69
63.93333333333332,0.5593232035703475,0.5593232035703475,2.17,2.83
63.99999999999999,0.6107395664876542,0.6125772983828026,3.75,2.57
64.06666666666666,0.28780096688186485,0.28629808977021026,2.17,2.69
64.13333333333333,0.5814237123835982,0.5826074729110166,2.57,2.83
64.19999999999999,0.579705454106419,0.5785479723344927,2.69,3.61
64.26666666666665,0.5731186529249664,0.5739045544030945,3.35,3.22
64.33333333333333,0.3067375965548852,0.3044485100134308,3.88,4.14
64.39999999999999,0.5881534526839715,0.5895410745811025,2.04,2.69
64.46666666666667,0.5524106529633687,0.5516541851058359,2.17,2.83
64.53333333333333,0.2946497610976559,0.295232841099828,2.43,3.88
64.6,0.5678416832880425,0.569925853630441,2.3,2.57
64.66666666666666,0.5885750255740481,0.5889736541047449,2.57,3.61
64.73333333333332,0.5727877274551428,0.5716167815046383,2.96,2.69
64.8,0.2932701491553594,0.2932701491553594,2.17,2.69
64.86666666666666,0.5587212459707718,0.5592964565877631,2.3,2.69
64.93333333333332,0.5696279232908492,0.5690440887264924,2.57,2.57
65.0,0.5712749707868946,0.5720599587233933,3.35,3.09
65.06666666666666,0.29243833588242835,0.29148265504621124,3.22,3.88
65.13333333333333,0.5743857910156693,0.5753683188826137,2.17,2.57
65.19999999999999,0.5560512573545767,0.5560512573545767,2.17,2.43
65.26666666666667,0.5861460712974061,0.5859456109447051,2.3,2.69
65.33333333333333,0.30275581682800234,0.3015987882286597,3.09,3.48
65.39999999999999,0.5537038963040158,0.5535109681171503,4.01,4.4
65.46666666666665,0.566766793550275,0.5683185164621171,2.17,3.61
65.53333333333333,0.561622629314507,0.5612386138414714,2.96,2.83
65.6,0.31451751758351554,0.3155071888156852,2.04,2.83
65.66666666666666,0.5416138257895647,0.5410449037036513,2.04,2.43
65.73333333333332,0.5696720495508922,0.5716283409298444,2.3,2.83
65.8,0.5424660191648837,0.5404280662240319,4.01,3.09
65.86666666666666,0.3097063057932853,0.31011194601043435,2.17,2.96
65.93333333333332,0.5747532756677213,0.575938333968067,3.22,2.83
66.0,0.5581714677373736,0.5587437556400435,2.83,3.22
66.06666666666666,0.589240214868422,0.5886362788777814,2.57,2.83
66.13333333333333,0.2809223244587394,0.2809223244587394,2.17,2.69
66.19999999999999,0.5743551423423423,0.576923637990932,2.43,3.35
66.26666666666667,0.5685641408409353,0.566428870936787,4.01,2.96
66.33333333333333,0.5687501362463856,0.5701135783538256,2.83,3.22
66.39999999999999,0.2958799714371359,0.29452272386173617,2.83,3.75
66.46666666666665,0.5606057227758121,0.5625302189061788,2.04,3.35
66.53333333333333,0.5760544080858387,0.5752679856857216,2.57,2.83
66.6,0.5618069872828559,0.5625763224246332,2.17,2.69
66.66666666666666,0.29381062368654615,0.2940035393948105,2.3,2.69
66.73333333333332,0.5633891570495673,0.5643581786475198,3.35,4.14
66.8,0.5814500739864565,0.5822438624833663,2.57,2.83
66.86666666666666,0.5426602652689052,0.5417442283592683,2.96,2.69
66.93333333333332,0.31967451342613146,0.32067599999701535,2.57,3.35
67.0,0.5693408909630393,0.568755951691502,2.96,2.96
67.06666666666666,0.5636117247478556,0.5622873601714088,3.09,3.61
67.13333333333333,0.3294410215518869,0.3298548921819772,2.17,2.83
67.19999999999999,0.5511676492768205,0.5517343055303608,2.17,2.69
67.26666666666667,0.5636410413803006,0.5651450868542973,3.75,2.96
67.33333333333333,0.5946872852376375,0.5920772465110712,2.43,3.35
67.39999999999999,0.2934614062649325,0.2951921747160363,2.69,3.48
67.46666666666665,0.57195519889732,0.5721479061745767,2.17,2.57
67.53333333333333,0.5833585102373742,0.5823849479706228,1.25,1.64
67.6,0.5616570394636731,0.5610790047746881,2.43,3.48
67.66666666666666,0.31491834769541716,0.3155080824289292,3.22,4.01
67.73333333333332,0.5746087284929129,0.5759676004859704,2.96,2.83
67.8,0.5555882661831164,0.5536868689682528,3.61,4.14
67.86666666666666,0.29941946057488383,0.29941946057488383,3.48,3.48
67.93333333333332,0.5560348320043027,0.5558448645181379,3.22,3.48
68.0,0.5753710748398286,0.5757639536891559,2.43,3.22
68.06666666666666,0.5566205489491836,0.5558577938290066,2.17,2.96
68.13333333333333,0.3056753950527273,0.30708775661402704,2.83,3.48
68.19999999999999,0.5682938782871325,0.5663543087366645,2.3,2.83
68.26666666666667,0.5571267764331775,0.5586510630992054,2.04,3.61
68.33333333333333,0.5595438350812091,0.5601185120771843,2.17,2.69
68.39999999999999,0.3034555423576891,0.3034555423576891,2.3,2.69
68.46666666666665,0.5601420409145986,0.5603339360981939,2.04,2.69
68.53333333333333,0.5669124251263538,0.5659433440577617,2.17,2.83
68.6,0.5601209245899762,0.5618496928757477,2.3,4.14
68.66666666666666,0.3040077544310476,0.30380827427722146,2.17,3.09
68.73333333333332,0.5470160866377454,0.5488958670041981,2.04,3.09
68.8,0.5881763118509853,0.5869685576172051,4.8,5.06
68.86666666666666,0.5449928843203309,0.5459213219426824,3.35,3.61
68.93333333333332,0.2912663288634441,0.2920328192025584,2.17,2.43
69.0,0.5713347298469424,0.5707483445614341,0.99,2.04
69.06666666666666,0.5921675412915556,0.5921675412915556,1.25,1.78
69.13333333333333,0.5631425340565878,0.5633355232731939,2.17,2.83
69.19999999999999,0.29222964874354557,0.29299968734366033,2.3,2.83
69.26666666666667,0.5593500926463516,0.5570553230354949,2.43,2.83
69.33333333333333,0.5650723136061552,0.5675863245838692,2.04,3.35
69.39999999999999,0.5760273629361896,0.5766189692658056,2.17,2.57
69.46666666666665,0.29346064535271094,0.2926888882314678,2.17,2.83
69.53333333333333,0.5644670803738318,0.5638863529248874,2.17,2.83
69.6,0.5747457349276568,0.5741578599856919,3.22,3.88
69.66666666666666,0.5697779798539404,0.5695829172110598,2.17,2.83
69.73333333333332,0.2936023370360636,0.2939889102250512,2.17,4.14
69.8,0.5656429084226294,0.5666071820476253,0.73,2.69
69.86666666666666,0.5702580663469305,0.5702580663469305,0.99,1.78
69.93333333333332,0.5597059163073099,0.5598976620819955,2.17,2.83
70.0,0.29223278619946247,0.29089138980379275,1.51,2.57
70.06666666666666,0.5665041850436141,0.5672804840296278,2.17,2.69
70.13333333333333,0.5789400262816119,0.5789400262816119,2.17,2.69
70.19999999999999,0.5569469504537288,0.5561948276306987,2.04,2.83
70.26666666666667,0.31264480329472927,0.3132328499466943,3.09,3.48
70.33333333333333,0.5915240916908472,0.5905112079721985,3.48,3.48
70.39999999999999,0.5561912392584515,0.5563765128224949,3.22,4.01
70.46666666666665,0.5821122690507894,0.5827014515093428,2.83,2.96
70.53333333333333,0.2626657886760893,0.2623204030236553,2.69,2.96
70.6,0.6514533837894626,0.6516703179831987,2.57,2.83
70.66666666666666,0.5741395516825273,0.5743335177472849,2.17,2.69
70.73333333333332,0.30294555574797716,0.30254720524732237,2.17,2.69
70.8,0.5650189923469967,0.5646379950493925,1.78,2.83
70.86666666666666,0.5870363725884657,0.5870363725884657,2.04,2.69
70.93333333333332,0.5718830827913016,0.5722747835329396,2.3,4.14
71.0,0.30218479624569644,0.30256394906407247,3.35,3.48
71.06666666666666,0.5849516094650931,0.583375451541307,3.09,3.61
71.13333333333333,0.5601363419679634,0.5622478908924485,2.57,3.48
71.19999999999999,0.5640573557767131,0.5636708827683016,3.09,3.88
71.26666666666667,0.30391866032802045,0.3051199198550087,2.96,3.75
71.33333333333333,0.5547117433076082,0.5539549742171477,2.3,2.69
71.39999999999999,0.5649038049515592,0.5647108074097241,2.17,2.69
71.46666666666665,0.5755384214228546,0.5765239324184418,1.38,1.64
71.53333333333333,0.29324338287012897,0.29285728230018804,1.91,2.04
71.6,0.5662114910099937,0.5662114910099937,2.17,2.69
71.66666666666666,0.5690297429452698,0.5699803439191176,3.75,3.88
71.73333333333332,0.30537801025238936,0.3042087262310018,2.04,3.22
71.8,0.5750694273428668,0.5752658308358117,2.17,2.83
71.86666666666666,0.5745475155396031,0.5761237775849792,2.3,2.3
71.93333333333332,0.5542791578923499,0.5548497953232617,4.01,2.57
72.0,0.30148224510199734,0.30010291456885096,2.04,2.83
72.06666666666666,0.5595705820422849,0.560914780420561,2.17,3.09
72.13333333333333,0.5663680396897439,0.5654018710788777,2.17,2.69
72.19999999999999,0.5618069872828559,0.5618069872828559,2.04,3.09
72.26666666666667,0.29901253259170346,0.2996019134049592,1.78,2.57
72.33333333333333,0.5587553369497504,0.5587553369497504,0.73,2.04
72.39999999999999,0.5776252528069884,0.5774273681708778,1.51,2.69
72.46666666666665,0.5709431350946925,0.5709431350946925,2.3,3.22
72.53333333333333,0.28909801786592804,0.2885304170455106,2.3,3.22
72.6,0.5681266036750413,0.5673507394160109,2.17,2.96
72.66666666666666,0.560995447099113,0.5633032789006863,1.91,2.83
72.73333333333332,0.5729856594080214,0.5716144116761048,0.99,1.91
72.8,0.2958823042494445,0.29686010432958143,2.3,2.69
72.86666666666666,0.5699986734813329,0.5686341075735459,2.17,2.83
72.93333333333332,0.5606771848147514,0.5620180595307415,2.17,2.96
73.0,0.5678627082691383,0.5666982597901175,2.17,2.69
73.06666666666666,0.2992611275864603,0.2998529426047592,1.91,2.17
73.13333333333333,0.5575847464372923,0.5573939234576765,2.17,2.3
73.19999999999999,0.5743344323161863,0.5763013310569951,2.17,2.83
73.26666666666667,0.5558103396702713,0.555239301650062,2.3,1.78
73.33333333333333,0.2987029754036393,0.2983096864300993,2.17,2.83
73.39999999999999,0.5466877581107972,0.5465009840219313,2.96,3.88
73.46666666666665,0.5811320101739244,0.5819275365396654,2.17,2.96
73.53333333333333,0.5609260462315251,0.5613054348322903,2.04,2.83
73.6,0.32239769179782374,0.32100203079436995,1.91,2.43
73.66666666666666,0.571151748911745,0.5709562159610734,0.59,1.12
73.73333333333332,0.5673815583947022,0.5677646654564137,0.0,1.25
73.8,0.5842543502918164,0.584840754791942,0.59,0.99
73.86666666666666,0.29328562411138503,0.2930926730428907,2.04,2.69
73.93333333333332,0.5621933122887567,0.5623829221748573,2.17,2.43
74.0,0.5924777023863993,0.5938666320303058,2.83,2.83
74.06666666666666,0.29516860465806044,0.29419765530063263,3.35,3.75
74.13333333333333,0.5810528555442107,0.5818359456460224,3.22,3.22
74.19999999999999,0.5807625648271317,0.5803759053299099,2.04,2.57
74.26666666666667,0.5678304537231164,0.5655064545946452,2.17,2.43
74.33333333333333,0.30295327847346115,0.30447661362606177,2.17,2.69
74.39999999999999,0.5819611008034687,0.5829441432034745,2.17,2.69
74.46666666666665,0.5427875001564468,0.5440882576029018,2.17,2.04
74.53333333333333,0.5905771516059394,0.591786524612641,1.78,0.59
74.6,0.2992922293796395,0.2987026846073881,0.0,0.59
74.66666666666666,0.5654639647243185,0.5613930894211951,1.64,2.17
74.73333333333332,0.567089750887368,0.5688412291845494,3.75,4.01
74.8,0.5647502824019711,0.5639800808576111,3.35,2.69
74.86666666666666,0.29063451604403784,0.29159497379699234,2.04,2.69
74.93333333333332,0.570660153983927,0.5700752614448249,2.04,2.83
75.0,0.5565128796046905,0.557847900220603,3.22,2.83
75.06666666666666,0.5835921312411222,0.5821983595186084,3.22,2.69
75.13333333333333,0.2949445693859627,0.2964969092248362,2.04,2.69
75.19999999999999,0.5691149013163491,0.5689197315971048,2.04,1.51
75.26666666666667,0.5605017902861126,0.5597342424733277,2.3,2.96
75.33333333333333,0.5788478029301563,0.5796421052326334,3.35,4.4
75.39999999999999,0.28795064819932176,0.287574487979597,4.93,4.14
75.46666666666665,0.5726023954994359,0.5731884777875622,2.04,2.69
75.53333333333333,0.5763876054263083,0.5746165270893889,1.38,1.78
75.6,0.5546536874597433,0.5550341083702095,2.17,3.09
75.66666666666666,0.2960465913585058,0.2960465913585058,2.17,2.69
75.73333333333332,0.5657335311011926,0.5670818915770892,3.09,4.01
75.8,0.5654912579403474,0.5649084775302405,2.69,3.35
75.86666666666666,0.5657883385232242,0.5642424687458384,3.35,3.88
75.93333333333332,0.29658684827027987,0.2961971152239326,2.17,3.48
76.0,0.5704066897114556,0.5713820773477611,2.04,2.57
76.06666666666666,0.5557693524020066,0.5557693524020066,2.04,2.83
76.13333333333333,0.5535316285720315,0.5535316285720315,0.59,2.3
76.19999999999999,0.30746419185338963,0.3062505174118631,0.86,1.12
76.26666666666667,0.5621705129658823,0.5615921482406087,2.17,2.83
76.33333333333333,0.5674450450242104,0.5666690518002456,2.96,4.01
76.39999999999999,0.5729265128460242,0.5723390967357925,2.17,4.14
76.46666666666665,0.29443163896535923,0.2948190490166294,2.17,3.88
76.53333333333333,0.5844669273030231,0.5878615080218995,2.04,2.69
76.6,0.5382312971561546,0.5363804329981211,3.35,4.14
76.66666666666666,0.5812866108435829,0.5824781788876764,2.69,4.01
76.73333333333332,0.2994142184437028,0.2994142184437028,2.69,2.43
76.8,0.5534849275819501,0.552159441953119,2.04,1.91
76.86666666666666,0.5729720347451096,0.5743316294038269,3.09,3.35
76.93333333333332,0.31265590106284724,0.31383647715244894,5.32,3.75
77.0,0.5631586912066493,0.563350698943167,4.27,2.57
77.06666666666666,0.5723312329508966,0.5711781142814185,2.17,1.51
77.13333333333333,0.5859308726323007,0.5859308726323007,0.86,0.59
77.19999999999999,0.2925905138625703,0.29239827305188526,2.17,2.69
77.26666666666667,0.575083602871269,0.5758524312173536,2.57,2.83
77.33333333333333,0.5852929355873313,0.5835145303137709,3.09,3.61
77.39999999999999,0.5692737809904622,0.5700522750499364,3.35,3.75
77.46666666666665,0.295105238355818,0.29416241011825944,3.09,3.09
77.53333333333333,0.6060598882455612,0.6046462197291604,2.04,2.96
77.6,0.5606655743464941,0.5620105568757694,2.3,4.4
77.66666666666666,0.30452978685790383,0.3058679591793133,2.57,3.35
77.73333333333332,0.5780011378998283,0.5768322781669672,2.17,3.75
77.8,0.554667116922411,0.5560004513380898,2.96,4.4
77.86666666666666,0.5786689330935648,0.5782740719996764,3.88,3.88
77.93333333333332,0.2961861324040701,0.29910326437128026,2.04,2.69
78.0,0.5756221238803674,0.5732614043019105,2.17,2.69
78.06666666666666,0.558176133353293,0.558941544574895,2.17,2.69
78.13333333333333,0.5631148820421422,0.563500709299451,2.57,2.83
78.19999999999999,0.30141692830639977,0.3028041199554102,2.57,2.83
78.26666666666667,0.5716798172778331,0.5710912656471422,3.75,3.35
78.33333333333333,0.5510000332060787,0.5504364464008902,3.35,3.61
78.39999999999999,0.5499134908615767,0.5502896286802235,2.04,2.69
78.46666666666665,0.312404493250941,0.31539687345449413,2.3,2.83
78.53333333333333,0.5553717203699176,0.5515109506766961,2.96,2.69
78.6,0.5667597235874057,0.5683124899533986,2.17,3.61
78.66666666666666,0.5733185748777176,0.5727293471543079,2.17,2.69
78.73333333333332,0.26661451069157294,0.26795344106541635,3.22,3.75
78.8,0.67803213638149,0.6764346187259294,2.83,2.69
78.86666666666666,0.5837703982578462,0.5849695158167463,1.78,2.57
78.93333333333332,0.5498937201570386,0.5493291475490746,2.17,2.69
79.0,0.29731852820353477,0.296533528789136,2.17,2.83
79.06666666666666,0.5714586879256246,0.5726285112376525,4.14,3.75
79.13333333333333,0.5653719328708263,0.5645971854465429,2.83,3.35
79.19999999999999,0.5675664244678007,0.5675664244678007,2.17,2.69
79.26666666666667,0.28989410879308386,0.2893215726993516,2.17,2.96
79.33333333333333,0.5785050553538096,0.5787031056979909,2.17,2.83
79.39999999999999,0.5553968196131226,0.5553968196131226,3.22,3.09
79.46666666666665,0.5827367057144239,0.5847344318224611,2.3,2.69
79.53333333333333,0.2905967940806952,0.29002550287345924,2.96,2.83
79.6,0.5742492077440522,0.573856021021872,2.17,3.09
79.66666666666666,0.5619599919558229,0.5623447642885554,3.75,2.83
79.73333333333332,0.559793610439064,0.5590296478181986,2.17,2.69
79.8,0.2967797785009467,0.29658465701606773,2.17,2.3
79.86666666666666,0.5863716336098905,0.5863716336098905,1.38,2.17
79.93333333333332,0.5188057383921252,0.5191635354530852,2.3,2.83
80.0,0.594554482200657,0.5947576792212314,3.61,4.14
80.06666666666666,0.29499997111550985,0.29499997111550985,2.96,3.35
80.13333333333333,0.5720600279982095,0.5718646523055871,2.17,3.09
80.19999999999999,0.5703477620553473,0.5728535143049991,2.17,2.83
80.26666666666667,0.31800972759217977,0.31581930367012967,2.3,2.3
80.33333333333333,0.554935260277596,0.5539860039309015,2.17,2.83
80.39999999999999,0.5632338339329905,0.5645662559801453,2.17,2.83
80.46666666666665,0.5946559583915242,0.5960481295315713,2.17,2.83
80.53333333333333,0.2981282052432332,0.29949487023125065,2.43,2.83
80.6,0.5590401351742164,0.5569654248210058,2.83,2.83
80.66666666666666,0.5539682177608249,0.5541528738334118,2.17,2.83
80.73333333333332,0.6143856172142663,0.6141754990141247,2.04,2.69
80.8,0.2972398689769868,0.2974306519480889,2.17,2.83
80.86666666666666,0.5794879453354188,0.5802618858300237,2.3,2.96
