time,curL,curR,velL,velR
0.0,6.24,7.55,0.4845548152634767,-0.4845548152634767
0.15384615384615385,4.53,4.53,0.9085402786190188,-0.9085402786190188
0.3076923076923077,4.14,4.27,1.3325257419745609,-1.3325257419745609
0.46153846153846156,3.88,4.8,1.5142337976983646,-1.5142337976983646
0.6153846153846154,3.22,4.27,1.5142337976983646,-1.5142337976983646
0.7692307692307693,2.43,4.53,1.5142337976983646,-1.5142337976983646
0.9230769230769231,3.22,4.4,1.5142337976983646,-1.5142337976983646
1.076923076923077,4.01,4.4,1.5142337976983646,-1.5142337976983646
1.2307692307692308,4.14,4.66,1.5142337976983646,-1.5142337976983646
1.3846153846153846,3.88,4.27,1.5142337976983646,-1.5142337976983646
1.5384615384615385,4.14,4.66,1.5142337976983646,-1.5142337976983646
1.6923076923076925,3.75,4.4,1.5142337976983646,-1.5142337976983646
1.8461538461538463,3.75,4.14,1.5142337976983646,-1.5142337976983646
2.0,3.22,4.27,1.5142337976983646,-1.5142337976983646
2.153846153846154,3.09,4.4,1.5142337976983646,-1.5142337976983646
2.307692307692308,3.75,4.01,1.5142337976983646,-1.5142337976983646
2.4615384615384617,4.14,4.66,1.5142337976983646,-1.5142337976983646
2.6153846153846154,3.35,4.27,1.5142337976983646,-1.5142337976983646
2.769230769230769,3.35,4.4,1.5142337976983646,-1.5142337976983646
2.9230769230769234,3.88,4.27,1.5142337976983646,-1.5142337976983646
3.076923076923077,3.22,4.4,1.5142337976983646,-1.5142337976983646
3.230769230769231,3.61,4.01,1.5142337976983646,-1.5142337976983646
3.384615384615385,2.96,4.01,1.5142337976983646,-1.5142337976983646
3.5384615384615388,3.22,3.88,1.5142337976983646,-1.5142337976983646
3.6923076923076925,3.88,4.4,1.5142337976983646,-1.5142337976983646
3.8461538461538463,3.35,4.27,1.5142337976983646,-1.5142337976983646
4.0,2.69,4.27,1.5142337976983646,-1.5142337976983646
4.153846153846154,2.96,4.14,1.5142337976983646,-1.5142337976983646
4.307692307692308,3.35,4.27,1.5142337976983646,-1.5142337976983646
4.461538461538462,2.96,4.14,1.5142337976983646,-1.5142337976983646
4.615384615384616,3.61,4.4,1.5142337976983646,-1.5142337976983646
4.769230769230769,3.22,4.14,1.5142337976983646,-1.5142337976983646
4.923076923076923,2.57,4.27,1.5142337976983646,-1.5142337976983646
5.0769230769230775,3.35,4.27,1.5142337976983646,-1.5142337976983646
5.230769230769231,3.35,4.27,1.5142337976983646,-1.5142337976983646
5.384615384615385,2.96,4.14,1.5142337976983646,-1.5142337976983646
5.538461538461538,3.48,4.14,1.5142337976983646,-1.5142337976983646
5.6923076923076925,4.14,4.4,1.5142337976983646,-1.5142337976983646
5.846153846153847,4.01,4.27,1.5142337976983646,-1.5142337976983646
6.0,3.22,4.14,1.5142337976983646,-1.5142337976983646
6.153846153846154,4.27,4.27,1.5142337976983646,-1.5142337976983646
6.307692307692308,3.09,4.14,1.5142337976983646,-1.5142337976983646
6.461538461538462,3.88,3.88,1.5142337976983646,-1.5142337976983646
6.615384615384616,2.69,4.27,1.5142337976983646,-1.5142337976983646
6.76923076923077,3.35,4.01,1.5142337976983646,-1.5142337976983646
6.923076923076923,2.83,4.27,1.5142337976983646,-1.5142337976983646
7.0769230769230775,3.35,4.27,1.5142337976983646,-1.5142337976983646
7.230769230769231,2.69,4.27,1.5142337976983646,-1.5142337976983646
7.384615384615385,2.83,4.14,1.5142337976983646,-1.5142337976983646
7.538461538461539,3.09,4.14,1.5142337976983646,-1.5142337976983646
7.6923076923076925,3.35,4.4,1.5142337976983646,-1.5142337976983646
7.846153846153847,3.09,4.27,1.5142337976983646,-1.5142337976983646
8.0,3.22,4.14,1.5142337976983646,-1.5142337976983646
8.153846153846155,2.43,4.27,1.5142337976983646,-1.5142337976983646
8.307692307692308,3.35,4.27,1.5142337976983646,-1.5142337976983646
8.461538461538462,3.22,4.53,1.5142337976983646,-1.5142337976983646
8.615384615384617,3.35,4.01,1.5142337976983646,-1.5142337976983646
8.76923076923077,3.48,4.4,1.5142337976983646,-1.5142337976983646
8.923076923076923,3.61,4.27,1.5142337976983646,-1.5142337976983646
9.076923076923077,3.75,4.14,1.5142337976983646,-1.5142337976983646
9.230769230769232,2.69,4.27,1.5142337976983646,-1.5142337976983646
9.384615384615385,3.22,4.01,1.5142337976983646,-1.5142337976983646
9.538461538461538,3.22,4.53,1.5142337976983646,-1.5142337976983646
9.692307692307693,3.48,4.01,1.5142337976983646,-1.5142337976983646
9.846153846153847,3.88,4.66,1.5142337976983646,-1.5142337976983646
10.0,3.61,4.01,1.5142337976983646,-1.5142337976983646
10.153846153846155,4.14,4.8,1.5142337976983646,-1.5142337976983646
10.307692307692308,2.69,4.4,1.5142337976983646,-1.5142337976983646
10.461538461538462,3.88,3.88,1.5142337976983646,-1.5142337976983646
10.615384615384617,2.96,4.4,1.5142337976983646,-1.5142337976983646
10.76923076923077,3.22,4.01,1.5142337976983646,-1.5142337976983646
10.923076923076923,3.22,4.4,1.5142337976983646,-1.5142337976983646
11.076923076923077,3.09,4.01,1.5142337976983646,-1.5142337976983646
11.230769230769232,3.61,4.14,1.5142337976983646,-1.5142337976983646
11.384615384615385,3.61,4.01,1.5142337976983646,-1.5142337976983646
11.538461538461538,3.75,4.01,1.5142337976983646,-1.5142337976983646
11.692307692307693,3.35,4.27,1.5142337976983646,-1.5142337976983646
11.846153846153847,3.22,4.14,1.5142337976983646,-1.5142337976983646
12.0,3.75,4.14,1.5142337976983646,-1.5142337976983646
12.153846153846155,3.48,4.14,1.5142337976983646,-1.5142337976983646
12.307692307692308,3.09,4.01,1.5142337976983646,-1.5142337976983646
12.461538461538462,3.61,4.14,1.5142337976983646,-1.5142337976983646
12.615384615384617,3.35,4.01,1.5142337976983646,-1.5142337976983646
12.76923076923077,3.75,4.27,1.5142337976983646,-1.5142337976983646
12.923076923076923,2.96,4.14,1.5142337976983646,-1.5142337976983646
13.076923076923078,3.22,4.27,1.5142337976983646,-1.5142337976983646
13.230769230769232,3.35,4.53,1.5142337976983646,-1.5142337976983646
13.384615384615385,2.83,4.4,1.5142337976983646,-1.5142337976983646
13.53846153846154,2.83,4.27,1.5142337976983646,-1.5142337976983646
13.692307692307693,2.96,4.14,1.5142337976983646,-1.5142337976983646
13.846153846153847,3.48,4.27,1.5142337976983646,-1.5142337976983646
14.0,2.3,4.01,1.5142337976983646,-1.5142337976983646
14.153846153846155,3.35,4.4,1.5142337976983646,-1.5142337976983646
14.307692307692308,3.61,4.14,1.5142337976983646,-1.5142337976983646
14.461538461538462,3.22,4.27,1.5142337976983646,-1.5142337976983646
14.615384615384617,3.22,3.88,1.5142337976983646,-1.5142337976983646
14.76923076923077,2.69,4.27,1.5142337976983646,-1.5142337976983646
14.923076923076923,2.57,4.01,1.5142337976983646,-1.5142337976983646
15.076923076923078,2.69,4.14,1.5142337976983646,-1.5142337976983646
15.230769230769232,3.09,4.01,1.5142337976983646,-1.5142337976983646
15.384615384615385,3.22,4.14,1.5142337976983646,-1.5142337976983646
15.53846153846154,2.69,4.14,1.5142337976983646,-1.5142337976983646
15.692307692307693,2.69,4.27,1.5142337976983646,-1.5142337976983646
15.846153846153847,3.09,4.14,1.5142337976983646,-1.5142337976983646
16.0,3.35,4.01,1.5142337976983646,-1.5142337976983646
16.153846153846153,2.57,4.14,1.5142337976983646,-1.5142337976983646
16.30769230769231,3.22,3.75,1.5142337976983646,-1.5142337976983646
16.461538461538463,3.48,4.27,1.5142337976983646,-1.5142337976983646
16.615384615384617,2.69,3.88,1.5142337976983646,-1.5142337976983646
16.76923076923077,4.01,4.14,1.5142337976983646,-1.5142337976983646
16.923076923076923,3.22,4.14,1.5142337976983646,-1.5142337976983646
17.076923076923077,3.35,4.27,1.5142337976983646,-1.5142337976983646
17.230769230769234,2.57,4.27,1.5142337976983646,-1.5142337976983646
17.384615384615387,3.61,4.27,1.5142337976983646,-1.5142337976983646
17.53846153846154,3.35,4.01,1.5142337976983646,-1.5142337976983646
17.692307692307693,2.96,4.4,1.5142337976983646,-1.5142337976983646
17.846153846153847,3.22,4.27,1.5142337976983646,-1.5142337976983646
18.0,2.83,4.27,1.5142337976983646,-1.5142337976983646
18.153846153846153,2.83,4.14,1.5142337976983646,-1.5142337976983646
18.30769230769231,3.48,4.01,1.5142337976983646,-1.5142337976983646
18.461538461538463,4.01,4.14,1.5142337976983646,-1.5142337976983646
18.615384615384617,3.35,4.4,1.5142337976983646,-1.5142337976983646
18.76923076923077,3.35,4.01,1.5142337976983646,-1.5142337976983646
18.923076923076923,4.01,4.53,1.5142337976983646,-1.5142337976983646
19.076923076923077,3.22,4.01,1.5142337976983646,-1.5142337976983646
19.230769230769234,3.35,4.14,1.5142337976983646,-1.5142337976983646
19.384615384615387,3.61,3.88,1.5142337976983646,-1.5142337976983646
19.53846153846154,3.22,4.27,1.5142337976983646,-1.5142337976983646
19.692307692307693,3.88,4.01,1.5142337976983646,-1.5142337976983646
19.846153846153847,3.61,4.14,1.5142337976983646,-1.5142337976983646
20.0,3.09,4.14,1.5142337976983646,-1.5142337976983646
20.153846153846153,3.22,4.27,1.5142337976983646,-1.5142337976983646
20.30769230769231,3.22,4.01,1.5142337976983646,-1.5142337976983646
20.461538461538463,3.09,4.27,1.5142337976983646,-1.5142337976983646
20.615384615384617,2.83,4.27,1.5142337976983646,-1.5142337976983646
20.76923076923077,3.09,4.14,1.5142337976983646,-1.5142337976983646
20.923076923076923,3.88,4.01,1.5142337976983646,-1.5142337976983646
21.076923076923077,2.57,4.27,1.5142337976983646,-1.5142337976983646
21.230769230769234,3.22,4.01,1.5142337976983646,-1.5142337976983646
21.384615384615387,2.83,4.4,1.5142337976983646,-1.5142337976983646
21.53846153846154,3.35,4.14,1.5142337976983646,-1.5142337976983646
21.692307692307693,3.35,4.14,1.5142337976983646,-1.5142337976983646
21.846153846153847,3.09,4.01,1.5142337976983646,-1.5142337976983646
22.0,3.35,4.01,1.5142337976983646,-1.5142337976983646
22.153846153846153,3.48,4.27,1.5142337976983646,-1.5142337976983646
22.30769230769231,3.75,3.75,1.5142337976983646,-1.5142337976983646
22.461538461538463,3.22,4.01,1.5142337976983646,-1.5142337976983646
22.615384615384617,3.48,4.01,1.5142337976983646,-1.5142337976983646
22.76923076923077,2.83,4.01,1.5142337976983646,-1.5142337976983646
22.923076923076923,3.75,3.75,1.5142337976983646,-1.5142337976983646
23.076923076923077,3.75,4.4,1.5142337976983646,-1.5142337976983646
23.230769230769234,3.48,4.14,1.5142337976983646,-1.5142337976983646
23.384615384615387,2.57,4.14,1.5142337976983646,-1.5142337976983646
23.53846153846154,3.09,4.14,1.5142337976983646,-1.5142337976983646
23.692307692307693,2.96,4.14,1.5142337976983646,-1.5142337976983646
23.846153846153847,2.96,4.01,1.5142337976983646,-1.5142337976983646
24.0,2.96,4.01,1.5142337976983646,-1.5142337976983646
24.153846153846157,3.35,4.01,1.5142337976983646,-1.5142337976983646
24.30769230769231,3.48,4.01,1.5142337976983646,-1.5142337976983646
24.461538461538463,3.09,4.4,1.5142337976983646,-1.5142337976983646
24.615384615384617,2.57,4.01,1.5142337976983646,-1.5142337976983646
24.76923076923077,2.17,4.27,1.5142337976983646,-1.5142337976983646
24.923076923076923,3.75,4.14,1.5142337976983646,-1.5142337976983646
25.076923076923077,2.43,4.01,1.5142337976983646,-1.5142337976983646
25.230769230769234,3.61,3.88,1.5142337976983646,-1.5142337976983646
25.384615384615387,2.69,4.4,1.5142337976983646,-1.5142337976983646
25.53846153846154,3.35,4.01,1.5142337976983646,-1.5142337976983646
25.692307692307693,2.96,4.27,1.5142337976983646,-1.5142337976983646
25.846153846153847,2.96,4.27,1.5142337976983646,-1.5142337976983646
26.0,2.96,4.01,1.5142337976983646,-1.5142337976983646
26.153846153846157,2.96,4.53,1.5142337976983646,-1.5142337976983646
26.30769230769231,3.88,3.88,1.5142337976983646,-1.5142337976983646
26.461538461538463,3.48,4.4,1.5142337976983646,-1.5142337976983646
26.615384615384617,3.48,4.01,1.5142337976983646,-1.5142337976983646
26.76923076923077,3.61,4.53,1.5142337976983646,-1.5142337976983646
26.923076923076923,2.96,3.75,1.5142337976983646,-1.5142337976983646
27.07692307692308,3.22,4.14,1.5142337976983646,-1.5142337976983646
27.230769230769234,3.35,4.01,1.5142337976983646,-1.5142337976983646
27.384615384615387,3.22,4.14,1.5142337976983646,-1.5142337976983646
27.53846153846154,3.75,3.75,1.5142337976983646,-1.5142337976983646
27.692307692307693,3.35,4.14,1.5142337976983646,-1.5142337976983646
27.846153846153847,2.83,3.88,1.5142337976983646,-1.5142337976983646
28.0,2.04,4.4,1.5142337976983646,-1.5142337976983646
28.153846153846157,2.69,4.4,1.5142337976983646,-1.5142337976983646
28.30769230769231,2.57,4.4,1.5142337976983646,-1.5142337976983646
28.461538461538463,3.48,4.01,1.5142337976983646,-1.5142337976983646
28.615384615384617,2.83,4.27,1.5142337976983646,-1.5142337976983646
28.76923076923077,2.83,4.01,1.5142337976983646,-1.5142337976983646
28.923076923076923,2.83,4.14,1.5142337976983646,-1.5142337976983646
29.07692307692308,3.35,4.01,1.5142337976983646,-1.5142337976983646
29.230769230769234,4.01,4.27,1.5142337976983646,-1.5142337976983646
29.384615384615387,3.22,3.61,1.5142337976983646,-1.5142337976983646
29.53846153846154,3.88,4.01,1.5142337976983646,-1.5142337976983646
29.692307692307693,3.75,3.75,1.5142337976983646,-1.5142337976983646
29.846153846153847,3.22,4.27,1.5142337976983646,-1.5142337976983646
30.0,2.69,4.14,1.5142337976983646,-1.5142337976983646
30.153846153846157,3.22,4.66,1.5142337976983646,-1.5142337976983646
30.30769230769231,3.22,4.01,1.5142337976983646,-1.5142337976983646
30.461538461538463,3.88,4.4,1.5142337976983646,-1.5142337976983646
30.615384615384617,3.35,4.14,1.5142337976983646,-1.5142337976983646
30.76923076923077,3.09,4.53,1.5142337976983646,-1.5142337976983646
30.923076923076923,3.88,4.14,1.5142337976983646,-1.5142337976983646
31.07692307692308,2.69,4.27,1.5142337976983646,-1.5142337976983646
31.230769230769234,2.57,4.14,1.5142337976983646,-1.5142337976983646
31.384615384615387,2.57,3.88,1.5142337976983646,-1.5142337976983646
31.53846153846154,2.96,3.88,1.5142337976983646,-1.5142337976983646
31.692307692307693,3.09,4.01,1.5142337976983646,-1.5142337976983646
31.846153846153847,3.61,4.14,1.5142337976983646,-1.5142337976983646
32.0,2.83,3.88,1.5142337976983646,-1.5142337976983646
32.15384615384615,2.04,4.01,1.5142337976983646,-1.5142337976983646
32.30769230769231,3.09,4.01,1.5142337976983646,-1.5142337976983646
32.46153846153846,3.35,4.27,1.5142337976983646,-1.5142337976983646
32.61538461538462,2.96,4.4,1.5142337976983646,-1.5142337976983646
32.769230769230774,2.96,4.27,1.5142337976983646,-1.5142337976983646
32.92307692307693,3.61,4.14,1.5142337976983646,-1.5142337976983646
33.07692307692308,3.22,4.27,1.5142337976983646,-1.5142337976983646
33.23076923076923,3.22,4.14,1.5142337976983646,-1.5142337976983646
33.38461538461539,2.43,4.27,1.5142337976983646,-1.5142337976983646
33.53846153846154,3.48,4.27,1.5142337976983646,-1.5142337976983646
33.69230769230769,2.69,4.4,1.5142337976983646,-1.5142337976983646
33.84615384615385,3.61,4.14,1.5142337976983646,-1.5142337976983646
34.0,3.09,3.88,1.5142337976983646,-1.5142337976983646
34.15384615384615,2.69,4.14,1.5142337976983646,-1.5142337976983646
34.30769230769231,2.83,4.4,1.5142337976983646,-1.5142337976983646
34.46153846153847,2.57,4.14,1.5142337976983646,-1.5142337976983646
34.61538461538462,2.57,4.01,1.5142337976983646,-1.5142337976983646
34.769230769230774,3.35,3.88,1.5142337976983646,-1.5142337976983646
34.92307692307693,4.01,4.01,1.5142337976983646,-1.5142337976983646
35.07692307692308,3.22,4.27,1.5142337976983646,-1.5142337976983646
35.23076923076923,3.09,4.01,1.5142337976983646,-1.5142337976983646
35.38461538461539,2.04,4.14,1.5142337976983646,-1.5142337976983646
35.53846153846154,3.09,4.01,1.5142337976983646,-1.5142337976983646
35.69230769230769,3.22,4.14,1.5142337976983646,-1.5142337976983646
35.84615384615385,2.3,3.88,1.5142337976983646,-1.5142337976983646
36.0,3.22,3.61,1.5142337976983646,-1.5142337976983646
36.15384615384615,3.22,4.01,1.5142337976983646,-1.5142337976983646
36.30769230769231,3.35,4.01,1.5142337976983646,-1.5142337976983646
36.46153846153847,2.43,4.14,1.5142337976983646,-1.5142337976983646
36.61538461538462,2.43,4.14,1.5142337976983646,-1.5142337976983646
36.769230769230774,2.83,4.27,1.5142337976983646,-1.5142337976983646
36.92307692307693,3.75,4.27,1.5142337976983646,-1.5142337976983646
37.07692307692308,3.61,3.88,1.5142337976983646,-1.5142337976983646
37.23076923076923,3.09,3.75,1.5142337976983646,-1.5142337976983646
37.38461538461539,3.75,4.14,1.5142337976983646,-1.5142337976983646
37.53846153846154,2.83,3.88,1.5142337976983646,-1.5142337976983646
37.69230769230769,2.96,4.4,1.5142337976983646,-1.5142337976983646
37.84615384615385,2.69,4.01,1.5142337976983646,-1.5142337976983646
38.0,2.83,4.01,1.5142337976983646,-1.5142337976983646
38.15384615384615,3.61,4.4,1.5142337976983646,-1.5142337976983646
38.30769230769231,2.17,4.27,1.5142337976983646,-1.5142337976983646
38.46153846153847,3.35,4.27,1.5142337976983646,-1.5142337976983646
38.61538461538462,2.04,4.01,1.5142337976983646,-1.5142337976983646
38.769230769230774,3.61,4.14,1.5142337976983646,-1.5142337976983646
38.92307692307693,2.3,4.14,1.5142337976983646,-1.5142337976983646
39.07692307692308,2.69,4.27,1.5142337976983646,-1.5142337976983646
39.23076923076923,2.83,3.75,1.5142337976983646,-1.5142337976983646
39.38461538461539,2.83,4.14,1.5142337976983646,-1.5142337976983646
39.53846153846154,3.22,4.27,1.5142337976983646,-1.5142337976983646
39.69230769230769,2.57,4.14,1.5142337976983646,-1.5142337976983646
39.84615384615385,2.43,4.01,1.5142337976983646,-1.5142337976983646
40.0,2.83,4.01,1.5142337976983646,-1.5142337976983646
40.15384615384615,3.09,4.01,1.5142337976983646,-1.5142337976983646
40.30769230769231,3.09,4.01,1.5142337976983646,-1.5142337976983646
40.46153846153847,2.96,3.88,1.5142337976983646,-1.5142337976983646
40.61538461538462,3.48,4.27,1.5142337976983646,-1.5142337976983646
40.769230769230774,2.43,4.14,1.5142337976983646,-1.5142337976983646
40.92307692307693,2.96,4.01,1.5142337976983646,-1.5142337976983646
41.07692307692308,2.57,4.27,1.5142337976983646,-1.5142337976983646
41.23076923076923,2.57,4.01,1.5142337976983646,-1.5142337976983646
41.38461538461539,2.57,4.01,1.5142337976983646,-1.5142337976983646
41.53846153846154,2.96,4.01,1.5142337976983646,-1.5142337976983646
41.69230769230769,3.75,4.14,1.5142337976983646,-1.5142337976983646
41.84615384615385,3.09,3.75,1.5142337976983646,-1.5142337976983646
42.0,3.88,4.27,1.5142337976983646,-1.5142337976983646
42.15384615384615,3.35,4.01,1.5142337976983646,-1.5142337976983646
42.30769230769231,2.69,4.01,1.5142337976983646,-1.5142337976983646
42.46153846153847,2.69,4.14,1.5142337976983646,-1.5142337976983646
42.61538461538462,3.61,3.88,1.5142337976983646,-1.5142337976983646
42.769230769230774,3.22,4.4,1.5142337976983646,-1.5142337976983646
42.92307692307693,3.75,4.01,1.5142337976983646,-1.5142337976983646
43.07692307692308,2.43,4.27,1.5142337976983646,-1.5142337976983646
43.23076923076923,2.43,4.14,1.5142337976983646,-1.5142337976983646
43.38461538461539,2.83,4.01,1.5142337976983646,-1.5142337976983646
43.53846153846154,3.09,4.01,1.5142337976983646,-1.5142337976983646
43.69230769230769,3.22,4.14,1.5142337976983646,-1.5142337976983646
43.84615384615385,3.75,3.75,1.5142337976983646,-1.5142337976983646
44.0,3.09,4.01,1.5142337976983646,-1.5142337976983646
44.15384615384615,3.09,3.75,1.5142337976983646,-1.5142337976983646
44.30769230769231,3.88,4.01,1.5142337976983646,-1.5142337976983646
44.46153846153847,3.09,3.75,1.5142337976983646,-1.5142337976983646
44.61538461538462,3.61,4.27,1.5142337976983646,-1.5142337976983646
44.769230769230774,3.61,3.75,1.5142337976983646,-1.5142337976983646
44.92307692307693,3.09,4.14,1.5142337976983646,-1.5142337976983646
45.07692307692308,2.69,4.01,1.5142337976983646,-1.5142337976983646
45.23076923076923,3.35,4.14,1.5142337976983646,-1.5142337976983646
45.38461538461539,2.83,3.75,1.5142337976983646,-1.5142337976983646
45.53846153846154,3.61,3.88,1.5142337976983646,-1.5142337976983646
45.69230769230769,3.35,3.88,1.5142337976983646,-1.5142337976983646
45.84615384615385,3.88,4.14,1.5142337976983646,-1.5142337976983646
46.0,3.48,3.88,1.5142337976983646,-1.5142337976983646
46.15384615384615,3.09,4.14,1.5142337976983646,-1.5142337976983646
46.307692307692314,3.22,4.01,1.5142337976983646,-1.5142337976983646
46.46153846153847,2.83,4.27,1.5142337976983646,-1.5142337976983646
46.61538461538462,3.35,3.75,1.5142337976983646,-1.5142337976983646
46.769230769230774,3.75,4.27,1.5142337976983646,-1.5142337976983646
46.92307692307693,3.22,3.75,1.5142337976983646,-1.5142337976983646
47.07692307692308,3.22,4.27,1.5142337976983646,-1.5142337976983646
47.23076923076923,3.88,4.01,1.5142337976983646,-1.5142337976983646
47.38461538461539,2.57,4.27,1.5142337976983646,-1.5142337976983646
47.53846153846154,2.96,3.88,1.5142337976983646,-1.5142337976983646
47.69230769230769,2.57,4.01,1.5142337976983646,-1.5142337976983646
47.84615384615385,3.22,3.75,1.5142337976983646,-1.5142337976983646
48.0,3.61,4.14,1.5142337976983646,-1.5142337976983646
48.15384615384615,3.48,3.88,1.5142337976983646,-1.5142337976983646
48.307692307692314,3.22,4.14,1.5142337976983646,-1.5142337976983646
48.46153846153847,3.75,3.88,1.5142337976983646,-1.5142337976983646
48.61538461538462,2.83,4.01,1.5142337976983646,-1.5142337976983646
48.769230769230774,3.61,4.14,1.5142337976983646,-1.5142337976983646
48.92307692307693,2.83,4.27,1.5142337976983646,-1.5142337976983646
49.07692307692308,2.96,3.88,1.5142337976983646,-1.5142337976983646
49.23076923076923,3.35,4.66,1.5142337976983646,-1.5142337976983646
49.38461538461539,3.09,3.75,1.5142337976983646,-1.5142337976983646
49.53846153846154,3.48,3.88,1.5142337976983646,-1.5142337976983646
49.69230769230769,3.61,3.88,1.5142337976983646,-1.5142337976983646
49.84615384615385,3.22,4.01,1.5142337976983646,-1.5142337976983646
50.0,3.61,4.27,1.5142337976983646,-1.5142337976983646
50.15384615384615,3.48,4.27,1.5142337976983646,-1.5142337976983646
50.307692307692314,2.96,4.01,1.5142337976983646,-1.5142337976983646
50.46153846153847,4.01,4.14,1.5142337976983646,-1.5142337976983646
50.61538461538462,3.35,3.88,1.5142337976983646,-1.5142337976983646
50.769230769230774,3.22,4.27,1.5142337976983646,-1.5142337976983646
50.92307692307693,3.48,4.01,1.5142337976983646,-1.5142337976983646
51.07692307692308,2.83,4.14,1.5142337976983646,-1.5142337976983646
51.23076923076923,3.75,4.01,1.5142337976983646,-1.5142337976983646
51.38461538461539,3.09,4.01,1.5142337976983646,-1.5142337976983646
51.53846153846154,3.35,3.88,1.5142337976983646,-1.5142337976983646
51.69230769230769,3.75,4.14,1.5142337976983646,-1.5142337976983646
51.84615384615385,3.48,3.88,1.5142337976983646,-1.5142337976983646
52.0,3.61,4.4,1.5142337976983646,-1.5142337976983646
52.15384615384615,2.04,4.01,1.5142337976983646,-1.5142337976983646
52.307692307692314,2.96,3.75,1.5142337976983646,-1.5142337976983646
52.46153846153847,2.17,4.14,1.5142337976983646,-1.5142337976983646
52.61538461538462,2.43,3.88,1.5142337976983646,-1.5142337976983646
52.769230769230774,3.35,3.61,1.5142337976983646,-1.5142337976983646
52.92307692307693,3.61,4.14,1.5142337976983646,-1.5142337976983646
53.07692307692308,3.35,3.88,1.5142337976983646,-1.5142337976983646
53.23076923076923,3.22,4.14,1.5142337976983646,-1.5142337976983646
53.38461538461539,3.35,4.01,1.5142337976983646,-1.5142337976983646
53.53846153846154,2.69,4.4,1.5142337976983646,-1.5142337976983646
53.69230769230769,2.83,4.4,1.5142337976983646,-1.5142337976983646
53.84615384615385,3.22,4.27,1.5142337976983646,-1.5142337976983646
54.0,3.22,3.88,1.5142337976983646,-1.5142337976983646
54.15384615384616,3.75,4.14,1.5142337976983646,-1.5142337976983646
54.307692307692314,2.83,3.88,1.5142337976983646,-1.5142337976983646
54.46153846153847,3.09,4.01,1.5142337976983646,-1.5142337976983646
54.61538461538462,2.3,4.14,1.5142337976983646,-1.5142337976983646
54.769230769230774,3.48,3.75,1.5142337976983646,-1.5142337976983646
54.92307692307693,3.61,4.27,1.5142337976983646,-1.5142337976983646
55.07692307692308,3.48,4.4,1.5142337976983646,-1.5142337976983646
55.23076923076923,2.83,4.01,1.5142337976983646,-1.5142337976983646
55.38461538461539,2.3,4.27,1.5142337976983646,-1.5142337976983646
55.53846153846154,2.96,4.14,1.5142337976983646,-1.5142337976983646
55.69230769230769,2.83,4.01,1.5142337976983646,-1.5142337976983646
55.84615384615385,2.3,3.88,1.5142337976983646,-1.5142337976983646
56.0,2.69,4.01,1.5142337976983646,-1.5142337976983646
56.15384615384616,3.75,3.88,1.5142337976983646,-1.5142337976983646
56.307692307692314,2.96,4.14,1.5142337976983646,-1.5142337976983646
56.46153846153847,3.09,3.88,1.5142337976983646,-1.5142337976983646
56.61538461538462,2.3,3.88,1.5142337976983646,-1.5142337976983646
56.769230769230774,2.57,4.27,1.5142337976983646,-1.5142337976983646
56.92307692307693,2.96,3.88,1.5142337976983646,-1.5142337976983646
57.07692307692308,3.22,3.75,1.5142337976983646,-1.5142337976983646
57.23076923076923,2.96,4.14,1.5142337976983646,-1.5142337976983646
57.38461538461539,3.48,3.61,1.5142337976983646,-1.5142337976983646
57.53846153846154,3.35,4.27,1.5142337976983646,-1.5142337976983646
57.69230769230769,3.48,4.01,1.5142337976983646,-1.5142337976983646
57.84615384615385,2.83,4.4,1.5142337976983646,-1.5142337976983646
58.0,2.43,4.14,1.5142337976983646,-1.5142337976983646
58.15384615384616,3.48,4.01,1.5142337976983646,-1.5142337976983646
58.307692307692314,3.61,4.14,1.5142337976983646,-1.5142337976983646
58.46153846153847,3.35,4.01,1.5142337976983646,-1.5142337976983646
58.61538461538462,3.75,3.88,1.5142337976983646,-1.5142337976983646
58.769230769230774,3.09,4.27,1.5142337976983646,-1.5142337976983646
58.92307692307693,2.96,4.14,1.5142337976983646,-1.5142337976983646
59.07692307692308,2.69,4.01,1.5142337976983646,-1.5142337976983646
59.23076923076923,2.43,4.01,1.5142337976983646,-1.5142337976983646
59.38461538461539,3.22,4.01,1.5142337976983646,-1.5142337976983646
59.53846153846154,3.35,3.88,1.5142337976983646,-1.5142337976983646
59.69230769230769,2.96,4.27,1.5142337976983646,-1.5142337976983646
59.84615384615385,2.3,4.14,1.5142337976983646,-1.5142337976983646
60.0,3.35,4.01,1.5142337976983646,-1.5142337976983646
60.15384615384616,2.83,4.01,1.5142337976983646,-1.5142337976983646
60.307692307692314,2.3,4.01,1.5142337976983646,-1.5142337976983646
60.46153846153847,2.83,3.88,1.5142337976983646,-1.5142337976983646
60.61538461538462,3.35,4.14,1.5142337976983646,-1.5142337976983646
60.769230769230774,3.35,4.01,1.5142337976983646,-1.5142337976983646
60.92307692307693,2.57,3.88,1.5142337976983646,-1.5142337976983646
61.07692307692308,2.04,4.14,1.5142337976983646,-1.5142337976983646
61.23076923076923,3.22,4.01,1.5142337976983646,-1.5142337976983646
61.38461538461539,2.3,4.27,1.5142337976983646,-1.5142337976983646
61.53846153846154,2.43,3.88,1.5142337976983646,-1.5142337976983646
61.69230769230769,2.69,4.14,1.5142337976983646,-1.5142337976983646
61.84615384615385,3.48,3.88,1.5142337976983646,-1.5142337976983646
62.0,3.22,4.14,1.5142337976983646,-1.5142337976983646
62.15384615384616,2.57,3.88,1.5142337976983646,-1.5142337976983646
62.307692307692314,2.57,3.88,1.5142337976983646,-1.5142337976983646
62.46153846153847,3.22,3.88,1.5142337976983646,-1.5142337976983646
62.61538461538462,3.75,4.01,1.5142337976983646,-1.5142337976983646
62.769230769230774,3.22,3.61,1.5142337976983646,-1.5142337976983646
62.92307692307693,3.48,4.01,1.5142337976983646,-1.5142337976983646
63.07692307692308,3.75,4.01,1.5142337976983646,-1.5142337976983646
63.23076923076923,2.83,4.27,1.5142337976983646,-1.5142337976983646
63.38461538461539,2.57,4.14,1.5142337976983646,-1.5142337976983646
63.53846153846154,2.57,3.88,1.5142337976983646,-1.5142337976983646
63.69230769230769,3.48,4.14,1.5142337976983646,-1.5142337976983646
63.84615384615385,3.75,4.01,1.5142337976983646,-1.5142337976983646
64.0,3.35,4.4,1.5142337976983646,-1.5142337976983646
64.15384615384616,3.22,4.01,1.5142337976983646,-1.5142337976983646
64.3076923076923,2.69,4.01,1.5142337976983646,-1.5142337976983646
64.46153846153847,2.96,4.01,1.5142337976983646,-1.5142337976983646
64.61538461538461,2.57,4.01,1.5142337976983646,-1.5142337976983646
64.76923076923077,3.35,3.88,1.5142337976983646,-1.5142337976983646
64.92307692307692,2.96,4.27,1.5142337976983646,-1.5142337976983646
65.07692307692308,3.88,3.75,1.5142337976983646,-1.5142337976983646
65.23076923076924,2.96,4.14,1.5142337976983646,-1.5142337976983646
65.38461538461539,3.88,3.75,1.5142337976983646,-1.5142337976983646
65.53846153846155,2.43,3.88,1.5142337976983646,-1.5142337976983646
65.6923076923077,2.69,4.14,1.5142337976983646,-1.5142337976983646
65.84615384615385,3.09,4.27,1.5142337976983646,-1.5142337976983646
66.0,2.96,4.14,1.5142337976983646,-1.5142337976983646
66.15384615384616,2.96,4.53,1.5142337976983646,-1.5142337976983646
66.3076923076923,3.75,3.75,1.5142337976983646,-1.5142337976983646
66.46153846153847,3.09,3.88,1.5142337976983646,-1.5142337976983646
66.61538461538461,2.96,4.14,1.5142337976983646,-1.5142337976983646
66.76923076923077,2.69,3.75,1.5142337976983646,-1.5142337976983646
66.92307692307692,3.48,4.14,1.5142337976983646,-1.5142337976983646
67.07692307692308,2.96,3.88,1.5142337976983646,-1.5142337976983646
67.23076923076924,2.83,4.27,1.5142337976983646,-1.5142337976983646
67.38461538461539,3.35,4.14,1.5142337976983646,-1.5142337976983646
67.53846153846155,3.61,3.88,1.5142337976983646,-1.5142337976983646
67.6923076923077,3.35,4.01,1.5142337976983646,-1.5142337976983646
67.84615384615385,2.57,4.14,1.5142337976983646,-1.5142337976983646
68.0,2.43,4.27,1.5142337976983646,-1.5142337976983646
68.15384615384616,2.83,4.14,1.5142337976983646,-1.5142337976983646
68.3076923076923,3.09,4.01,1.5142337976983646,-1.5142337976983646
68.46153846153847,3.22,4.01,1.5142337976983646,-1.5142337976983646
68.61538461538461,3.09,4.4,1.5142337976983646,-1.5142337976983646
68.76923076923077,3.75,3.61,1.5142337976983646,-1.5142337976983646
68.92307692307693,2.69,4.27,1.5142337976983646,-1.5142337976983646
69.07692307692308,3.09,3.75,1.5142337976983646,-1.5142337976983646
69.23076923076924,2.17,3.88,1.5142337976983646,-1.5142337976983646
69.38461538461539,2.96,3.88,1.5142337976983646,-1.5142337976983646
69.53846153846155,3.61,4.01,1.5142337976983646,-1.5142337976983646
69.6923076923077,3.48,3.75,1.5142337976983646,-1.5142337976983646
69.84615384615385,3.48,4.01,1.5142337976983646,-1.5142337976983646
70.0,3.22,4.01,1.5142337976983646,-1.5142337976983646
70.15384615384616,3.09,4.14,1.5142337976983646,-1.5142337976983646
70.3076923076923,2.57,4.14,1.5142337976983646,-1.5142337976983646
70.46153846153847,2.43,4.01,1.5142337976983646,-1.5142337976983646
70.61538461538461,2.96,4.01,1.5142337976983646,-1.5142337976983646
70.76923076923077,3.22,4.27,1.5142337976983646,-1.5142337976983646
70.92307692307693,3.35,4.01,1.5142337976983646,-1.5142337976983646
71.07692307692308,3.48,3.88,1.5142337976983646,-1.5142337976983646
71.23076923076924,2.43,4.14,1.5142337976983646,-1.5142337976983646
71.38461538461539,3.35,4.01,1.5142337976983646,-1.5142337976983646
71.53846153846155,2.43,4.27,1.5142337976983646,-1.5142337976983646
71.6923076923077,2.57,3.88,1.5142337976983646,-1.5142337976983646
71.84615384615385,3.22,3.88,1.5142337976983646,-1.5142337976983646
72.0,3.61,4.4,1.5142337976983646,-1.5142337976983646
72.15384615384616,3.61,3.75,1.5142337976983646,-1.5142337976983646
72.3076923076923,3.09,4.14,1.5142337976983646,-1.5142337976983646
72.46153846153847,3.75,4.01,1.5142337976983646,-1.5142337976983646
72.61538461538461,3.09,4.01,1.5142337976983646,-1.5142337976983646
72.76923076923077,2.57,4.01,1.5142337976983646,-1.5142337976983646
72.92307692307693,2.3,4.01,1.5142337976983646,-1.5142337976983646
73.07692307692308,2.96,3.75,1.5142337976983646,-1.5142337976983646
73.23076923076924,3.75,4.4,1.5142337976983646,-1.5142337976983646
73.38461538461539,3.48,4.01,1.5142337976983646,-1.5142337976983646
73.53846153846155,3.09,4.27,1.5142337976983646,-1.5142337976983646
73.6923076923077,3.35,3.88,1.5142337976983646,-1.5142337976983646
73.84615384615385,2.83,4.01,1.5142337976983646,-1.5142337976983646
74.0,3.48,3.75,1.5142337976983646,-1.5142337976983646
74.15384615384616,3.09,4.14,1.5142337976983646,-1.5142337976983646
74.3076923076923,2.83,4.01,1.5142337976983646,-1.5142337976983646
74.46153846153847,3.61,4.14,1.5142337976983646,-1.5142337976983646
74.61538461538461,3.35,4.01,1.5142337976983646,-1.5142337976983646
74.76923076923077,2.57,4.01,1.5142337976983646,-1.5142337976983646
74.92307692307693,2.57,3.88,1.5142337976983646,-1.5142337976983646
75.07692307692308,2.43,4.01,1.5142337976983646,-1.5142337976983646
75.23076923076924,2.69,3.88,1.5142337976983646,-1.5142337976983646
75.38461538461539,3.48,4.14,1.5142337976983646,-1.5142337976983646
75.53846153846155,2.83,3.75,1.5142337976983646,-1.5142337976983646
75.6923076923077,2.43,4.14,1.5142337976983646,-1.5142337976983646
75.84615384615385,3.09,4.14,1.5142337976983646,-1.5142337976983646
76.0,2.83,4.14,1.5142337976983646,-1.5142337976983646
76.15384615384616,2.83,4.27,1.5142337976983646,-1.5142337976983646
76.3076923076923,2.96,3.88,1.5142337976983646,-1.5142337976983646
76.46153846153847,3.61,4.27,1.5142337976983646,-1.5142337976983646
76.61538461538461,3.88,3.88,1.5142337976983646,-1.5142337976983646
76.76923076923077,2.69,4.14,1.5142337976983646,-1.5142337976983646
76.92307692307693,2.3,4.01,1.5142337976983646,-1.5142337976983646
77.07692307692308,2.83,4.27,1.5142337976983646,-1.5142337976983646
77.23076923076924,3.22,4.14,1.5142337976983646,-1.5142337976983646
77.38461538461539,2.43,4.01,1.5142337976983646,-1.5142337976983646
77.53846153846155,3.09,4.14,1.5142337976983646,-1.5142337976983646
77.6923076923077,3.22,4.01,1.5142337976983646,-1.5142337976983646
77.84615384615385,3.22,4.01,1.5142337976983646,-1.5142337976983646
78.0,2.83,4.01,1.5142337976983646,-1.5142337976983646
78.15384615384616,2.43,3.88,1.5142337976983646,-1.5142337976983646
78.3076923076923,3.35,4.01,1.5142337976983646,-1.5142337976983646
78.46153846153847,3.48,4.01,1.5142337976983646,-1.5142337976983646
78.61538461538461,3.61,4.01,1.5142337976983646,-1.5142337976983646
78.76923076923077,2.69,4.01,1.5142337976983646,-1.5142337976983646
78.92307692307693,3.48,3.88,1.5142337976983646,-1.5142337976983646
79.07692307692308,2.96,4.01,1.5142337976983646,-1.5142337976983646
79.23076923076924,2.83,4.14,1.5142337976983646,-1.5142337976983646
79.38461538461539,3.48,4.01,1.5142337976983646,-1.5142337976983646
79.53846153846155,3.09,4.14,1.5142337976983646,-1.5142337976983646
79.6923076923077,3.61,4.27,1.5142337976983646,-1.5142337976983646
79.84615384615385,3.61,4.01,1.5142337976983646,-1.5142337976983646
80.0,2.69,4.27,1.5142337976983646,-1.5142337976983646
80.15384615384616,2.43,4.14,1.5142337976983646,-1.5142337976983646
80.3076923076923,3.88,4.27,1.5142337976983646,-1.5142337976983646
80.46153846153847,2.83,4.27,1.5142337976983646,-1.5142337976983646
80.61538461538461,3.61,4.4,1.5142337976983646,-1.5142337976983646
80.76923076923077,3.35,3.75,1.5142337976983646,-1.5142337976983646
80.92307692307693,2.96,4.14,1.5142337976983646,-1.5142337976983646
81.07692307692308,3.09,4.14,1.5142337976983646,-1.5142337976983646
81.23076923076924,3.48,3.75,1.5142337976983646,-1.5142337976983646
81.38461538461539,2.57,4.01,1.5142337976983646,-1.5142337976983646
81.53846153846155,2.83,3.75,1.5142337976983646,-1.5142337976983646
81.6923076923077,3.09,3.88,1.5142337976983646,-1.5142337976983646
81.84615384615385,3.09,3.75,1.5142337976983646,-1.5142337976983646
82.0,3.35,4.01,1.5142337976983646,-1.5142337976983646
82.15384615384616,3.48,3.75,1.5142337976983646,-1.5142337976983646
82.3076923076923,2.43,4.14,1.5142337976983646,-1.5142337976983646
82.46153846153847,3.61,4.14,1.5142337976983646,-1.5142337976983646
82.61538461538461,2.83,4.4,1.5142337976983646,-1.5142337976983646
82.76923076923077,3.22,4.27,1.5142337976983646,-1.5142337976983646
82.92307692307693,3.22,4.27,1.5142337976983646,-1.5142337976983646
83.07692307692308,2.83,3.88,1.5142337976983646,-1.5142337976983646
83.23076923076924,2.57,4.14,1.5142337976983646,-1.5142337976983646
83.38461538461539,3.48,3.61,1.5142337976983646,-1.5142337976983646
83.53846153846155,2.96,3.88,1.5142337976983646,-1.5142337976983646
83.6923076923077,3.09,4.01,1.5142337976983646,-1.5142337976983646
83.84615384615385,3.09,3.88,1.5142337976983646,-1.5142337976983646
84.0,3.61,4.01,1.5142337976983646,-1.5142337976983646
84.15384615384616,3.35,3.88,1.5142337976983646,-1.5142337976983646
84.3076923076923,2.96,4.4,1.5142337976983646,-1.5142337976983646
84.46153846153847,2.83,4.01,1.5142337976983646,-1.5142337976983646
84.61538461538461,2.83,4.14,1.5142337976983646,-1.5142337976983646
84.76923076923077,3.09,4.01,1.5142337976983646,-1.5142337976983646
84.92307692307693,3.09,3.88,1.5142337976983646,-1.5142337976983646
85.07692307692308,3.22,4.01,1.5142337976983646,-1.5142337976983646
85.23076923076924,2.83,4.14,1.5142337976983646,-1.5142337976983646
85.38461538461539,3.88,4.01,1.5142337976983646,-1.5142337976983646
85.53846153846155,2.57,4.14,1.5142337976983646,-1.5142337976983646
85.6923076923077,2.43,3.88,1.5142337976983646,-1.5142337976983646
85.84615384615385,3.48,4.14,1.5142337976983646,-1.5142337976983646
86.0,3.22,3.75,1.5142337976983646,-1.5142337976983646
86.15384615384616,3.61,4.01,1.5142337976983646,-1.5142337976983646
86.3076923076923,3.48,3.61,1.5142337976983646,-1.5142337976983646
86.46153846153847,2.57,4.01,1.5142337976983646,-1.5142337976983646
86.61538461538461,3.48,3.88,1.5142337976983646,-1.5142337976983646
86.76923076923077,2.57,4.01,1.5142337976983646,-1.5142337976983646
86.92307692307693,2.83,4.14,1.5142337976983646,-1.5142337976983646
87.07692307692308,3.09,4.14,1.5142337976983646,-1.5142337976983646
87.23076923076924,2.96,4.01,1.5142337976983646,-1.5142337976983646
87.38461538461539,3.48,4.01,1.5142337976983646,-1.5142337976983646
87.53846153846155,3.75,4.14,1.5142337976983646,-1.5142337976983646
87.6923076923077,2.96,4.01,1.5142337976983646,-1.5142337976983646
87.84615384615385,2.17,4.14,1.5142337976983646,-1.5142337976983646
88.0,2.96,4.01,1.5142337976983646,-1.5142337976983646
88.15384615384616,3.75,3.88,1.5142337976983646,-1.5142337976983646
88.3076923076923,3.48,4.27,1.5142337976983646,-1.5142337976983646
88.46153846153847,3.22,4.01,1.5142337976983646,-1.5142337976983646
88.61538461538461,3.22,4.01,1.5142337976983646,-1.5142337976983646
88.76923076923077,2.43,3.88,1.5142337976983646,-1.5142337976983646
88.92307692307693,2.69,3.88,1.5142337976983646,-1.5142337976983646
89.07692307692308,2.69,3.88,1.5142337976983646,-1.5142337976983646
89.23076923076924,2.96,4.14,1.5142337976983646,-1.5142337976983646
89.38461538461539,3.75,3.88,1.5142337976983646,-1.5142337976983646
89.53846153846155,3.22,4.27,1.5142337976983646,-1.5142337976983646
89.6923076923077,2.83,3.88,1.5142337976983646,-1.5142337976983646
89.84615384615385,1.91,4.01,1.5142337976983646,-1.5142337976983646
90.0,2.96,3.88,1.5142337976983646,-1.5142337976983646
90.15384615384616,3.75,3.88,1.5142337976983646,-1.5142337976983646
90.3076923076923,3.35,3.75,1.5142337976983646,-1.5142337976983646
90.46153846153847,2.96,3.75,1.5142337976983646,-1.5142337976983646
90.61538461538463,3.09,4.14,1.5142337976983646,-1.5142337976983646
90.76923076923077,3.22,4.14,1.5142337976983646,-1.5142337976983646
90.92307692307693,2.57,4.14,1.5142337976983646,-1.5142337976983646
91.07692307692308,2.57,4.01,1.5142337976983646,-1.5142337976983646
91.23076923076924,2.83,4.14,1.5142337976983646,-1.5142337976983646
91.38461538461539,3.22,3.88,1.5142337976983646,-1.5142337976983646
91.53846153846155,3.48,3.48,1.5142337976983646,-1.5142337976983646
91.6923076923077,3.09,4.27,1.5142337976983646,-1.5142337976983646
91.84615384615385,2.83,3.75,1.5142337976983646,-1.5142337976983646
92.0,2.17,4.01,1.5142337976983646,-1.5142337976983646
92.15384615384616,3.22,4.27,1.5142337976983646,-1.5142337976983646
92.3076923076923,4.14,4.01,1.5142337976983646,-1.5142337976983646
92.46153846153847,2.96,4.27,1.5142337976983646,-1.5142337976983646
92.61538461538463,3.61,3.75,1.5142337976983646,-1.5142337976983646
92.76923076923077,3.35,4.14,1.5142337976983646,-1.5142337976983646
92.92307692307693,3.35,3.88,1.5142337976983646,-1.5142337976983646
93.07692307692308,3.48,3.61,1.5142337976983646,-1.5142337976983646
93.23076923076924,3.48,4.27,1.5142337976983646,-1.5142337976983646
93.38461538461539,3.48,4.01,1.5142337976983646,-1.5142337976983646
93.53846153846155,3.61,4.14,1.5142337976983646,-1.5142337976983646
93.6923076923077,3.61,3.88,1.5142337976983646,-1.5142337976983646
93.84615384615385,3.48,4.14,1.5142337976983646,-1.5142337976983646
94.0,3.61,3.88,1.5142337976983646,-1.5142337976983646
94.15384615384616,3.48,3.88,1.5142337976983646,-1.5142337976983646
94.3076923076923,2.69,4.14,1.5142337976983646,-1.5142337976983646
94.46153846153847,2.83,4.27,1.5142337976983646,-1.5142337976983646
94.61538461538463,3.09,4.01,1.5142337976983646,-1.5142337976983646
94.76923076923077,2.43,4.14,1.5142337976983646,-1.5142337976983646
94.92307692307693,2.83,4.01,1.5142337976983646,-1.5142337976983646
95.07692307692308,2.69,4.14,1.5142337976983646,-1.5142337976983646
95.23076923076924,2.04,4.01,1.5142337976983646,-1.5142337976983646
95.38461538461539,3.22,3.75,1.5142337976983646,-1.5142337976983646
95.53846153846155,3.88,4.01,1.5142337976983646,-1.5142337976983646
95.6923076923077,3.22,3.88,1.5142337976983646,-1.5142337976983646
95.84615384615385,2.96,4.14,1.5142337976983646,-1.5142337976983646
96.0,3.22,3.75,1.5142337976983646,-1.5142337976983646
96.15384615384616,2.96,4.01,1.5142337976983646,-1.5142337976983646
96.3076923076923,3.35,3.61,1.5142337976983646,-1.5142337976983646
96.46153846153847,3.09,4.4,1.5142337976983646,-1.5142337976983646
96.61538461538463,3.22,3.75,1.5142337976983646,-1.5142337976983646
96.76923076923077,3.75,4.4,1.5142337976983646,-1.5142337976983646
96.92307692307693,2.96,4.14,1.5142337976983646,-1.5142337976983646
97.07692307692308,2.96,4.01,1.5142337976983646,-1.5142337976983646
97.23076923076924,2.57,4.01,1.5142337976983646,-1.5142337976983646
97.38461538461539,2.43,4.14,1.5142337976983646,-1.5142337976983646
97.53846153846155,2.83,4.14,1.5142337976983646,-1.5142337976983646
97.6923076923077,2.04,3.88,1.5142337976983646,-1.5142337976983646
97.84615384615385,2.57,4.01,1.5142337976983646,-1.5142337976983646
98.0,2.43,3.88,1.5142337976983646,-1.5142337976983646
98.15384615384616,3.75,3.75,1.5142337976983646,-1.5142337976983646
98.3076923076923,2.3,4.14,1.5142337976983646,-1.5142337976983646
98.46153846153847,2.3,3.88,1.5142337976983646,-1.5142337976983646
98.61538461538463,2.3,4.01,1.5142337976983646,-1.5142337976983646
98.76923076923077,3.35,4.14,1.5142337976983646,-1.5142337976983646
98.92307692307693,2.17,4.27,1.5142337976983646,-1.5142337976983646
99.07692307692308,2.69,4.4,1.5142337976983646,-1.5142337976983646
99.23076923076924,2.57,4.27,1.5142337976983646,-1.5142337976983646
99.38461538461539,3.35,4.14,1.5142337976983646,-1.5142337976983646
99.53846153846155,2.3,3.88,1.5142337976983646,-1.5142337976983646
99.6923076923077,2.96,3.88,1.5142337976983646,-1.5142337976983646
99.84615384615385,2.83,4.14,1.5142337976983646,-1.5142337976983646
100.0,3.48,4.01,1.5142337976983646,-1.5142337976983646
100.15384615384616,3.09,4.27,1.5142337976983646,-1.5142337976983646
100.3076923076923,2.96,4.27,1.5142337976983646,-1.5142337976983646
100.46153846153847,3.09,3.75,1.5142337976983646,-1.5142337976983646
100.61538461538463,3.35,4.27,1.5142337976983646,-1.5142337976983646
100.76923076923077,3.09,3.88,1.5142337976983646,-1.5142337976983646
100.92307692307693,3.88,4.4,1.5142337976983646,-1.5142337976983646
101.07692307692308,3.22,4.01,1.5142337976983646,-1.5142337976983646
101.23076923076924,3.22,4.27,1.5142337976983646,-1.5142337976983646
101.38461538461539,3.88,4.14,1.5142337976983646,-1.5142337976983646
101.53846153846155,3.35,4.27,1.5142337976983646,-1.5142337976983646
101.6923076923077,2.69,3.88,1.5142337976983646,-1.5142337976983646
101.84615384615385,2.04,3.75,1.5142337976983646,-1.5142337976983646
102.0,2.96,3.61,1.5142337976983646,-1.5142337976983646
102.15384615384616,3.75,3.88,1.5142337976983646,-1.5142337976983646
102.3076923076923,2.83,3.75,1.5142337976983646,-1.5142337976983646
102.46153846153847,3.09,3.88,1.5142337976983646,-1.5142337976983646
102.61538461538463,2.17,4.01,1.5142337976983646,-1.5142337976983646
102.76923076923077,2.96,4.01,1.5142337976983646,-1.5142337976983646
102.92307692307693,2.57,4.27,1.5142337976983646,-1.5142337976983646
103.07692307692308,2.3,3.88,1.5142337976983646,-1.5142337976983646
103.23076923076924,3.22,3.61,1.5142337976983646,-1.5142337976983646
103.38461538461539,3.75,4.14,1.5142337976983646,-1.5142337976983646
103.53846153846155,2.43,4.14,1.5142337976983646,-1.5142337976983646
103.6923076923077,3.22,3.75,1.5142337976983646,-1.5142337976983646
103.84615384615385,2.3,3.88,1.5142337976983646,-1.5142337976983646
104.0,3.09,3.88,1.5142337976983646,-1.5142337976983646
104.15384615384616,3.48,4.27,1.5142337976983646,-1.5142337976983646
104.3076923076923,2.83,4.14,1.5142337976983646,-1.5142337976983646
104.46153846153847,2.96,4.01,1.5142337976983646,-1.5142337976983646
104.61538461538463,3.88,4.4,1.5142337976983646,-1.5142337976983646
104.76923076923077,2.3,4.01,1.5142337976983646,-1.5142337976983646
104.92307692307693,2.69,4.4,1.5142337976983646,-1.5142337976983646
105.07692307692308,2.17,4.14,1.5142337976983646,-1.5142337976983646
105.23076923076924,2.96,4.01,1.5142337976983646,-1.5142337976983646
105.38461538461539,2.83,3.88,1.5142337976983646,-1.5142337976983646
105.53846153846155,2.43,4.01,1.5142337976983646,-1.5142337976983646
105.6923076923077,2.96,3.75,1.5142337976983646,-1.5142337976983646
105.84615384615385,2.3,4.01,1.5142337976983646,-1.5142337976983646
106.0,2.57,4.01,1.5142337976983646,-1.5142337976983646
106.15384615384616,2.83,3.88,1.5142337976983646,-1.5142337976983646
106.3076923076923,1.91,4.01,1.5142337976983646,-1.5142337976983646
106.46153846153847,3.09,3.75,1.5142337976983646,-1.5142337976983646
106.61538461538463,3.48,3.75,1.5142337976983646,-1.5142337976983646
106.76923076923077,3.22,4.01,1.5142337976983646,-1.5142337976983646
106.92307692307693,2.83,4.01,1.5142337976983646,-1.5142337976983646
107.07692307692308,2.83,4.01,1.5142337976983646,-1.5142337976983646
107.23076923076924,2.96,4.01,1.5142337976983646,-1.5142337976983646
107.38461538461539,2.57,4.01,1.5142337976983646,-1.5142337976983646
107.53846153846155,2.57,3.88,1.5142337976983646,-1.5142337976983646
107.6923076923077,3.22,3.88,1.5142337976983646,-1.5142337976983646
107.84615384615385,3.75,3.75,1.5142337976983646,-1.5142337976983646
108.0,3.35,3.61,1.5142337976983646,-1.5142337976983646
108.15384615384616,2.96,4.14,1.5142337976983646,-1.5142337976983646
108.30769230769232,3.61,3.88,1.5142337976983646,-1.5142337976983646
108.46153846153847,3.09,4.14,1.5142337976983646,-1.5142337976983646
108.61538461538463,3.22,3.88,1.5142337976983646,-1.5142337976983646
108.76923076923077,3.09,4.14,1.5142337976983646,-1.5142337976983646
108.92307692307693,3.22,3.75,1.5142337976983646,-1.5142337976983646
109.07692307692308,3.09,4.27,1.5142337976983646,-1.5142337976983646
109.23076923076924,3.75,4.01,1.5142337976983646,-1.5142337976983646
109.38461538461539,2.43,4.27,1.5142337976983646,-1.5142337976983646
109.53846153846155,2.3,4.14,1.5142337976983646,-1.5142337976983646
109.6923076923077,2.57,4.14,1.5142337976983646,-1.5142337976983646
109.84615384615385,3.09,4.01,1.5142337976983646,-1.5142337976983646
110.0,3.09,3.75,1.5142337976983646,-1.5142337976983646
110.15384615384616,3.22,4.14,1.5142337976983646,-1.5142337976983646
110.30769230769232,2.69,3.88,1.5142337976983646,-1.5142337976983646
110.46153846153847,2.3,4.01,1.5142337976983646,-1.5142337976983646
110.61538461538463,3.09,3.75,1.5142337976983646,-1.5142337976983646
110.76923076923077,3.48,4.14,1.5142337976983646,-1.5142337976983646
110.92307692307693,3.22,3.61,1.5142337976983646,-1.5142337976983646
111.07692307692308,2.57,4.01,1.5142337976983646,-1.5142337976983646
111.23076923076924,3.35,3.75,1.5142337976983646,-1.5142337976983646
111.38461538461539,2.96,4.27,1.5142337976983646,-1.5142337976983646
111.53846153846155,2.43,4.01,1.5142337976983646,-1.5142337976983646
111.6923076923077,2.04,4.01,1.5142337976983646,-1.5142337976983646
111.84615384615385,3.35,3.75,1.5142337976983646,-1.5142337976983646
112.0,2.43,4.01,1.5142337976983646,-1.5142337976983646
112.15384615384616,3.35,4.14,1.5142337976983646,-1.5142337976983646
112.30769230769232,3.09,4.01,1.5142337976983646,-1.5142337976983646
112.46153846153847,3.22,3.88,1.5142337976983646,-1.5142337976983646
112.61538461538463,2.69,4.14,1.5142337976983646,-1.5142337976983646
112.76923076923077,2.83,4.01,1.5142337976983646,-1.5142337976983646
112.92307692307693,2.43,4.4,1.5142337976983646,-1.5142337976983646
113.07692307692308,2.57,4.27,1.5142337976983646,-1.5142337976983646
113.23076923076924,3.75,4.4,1.5142337976983646,-1.5142337976983646
113.38461538461539,3.48,3.88,1.5142337976983646,-1.5142337976983646
113.53846153846155,3.75,3.88,1.5142337976983646,-1.5142337976983646
113.6923076923077,3.48,3.88,1.5142337976983646,-1.5142337976983646
113.84615384615385,3.35,4.01,1.5142337976983646,-1.5142337976983646
114.0,2.04,4.14,1.5142337976983646,-1.5142337976983646
114.15384615384616,2.57,3.88,1.5142337976983646,-1.5142337976983646
114.30769230769232,3.09,3.75,1.5142337976983646,-1.5142337976983646
114.46153846153847,3.09,3.88,1.5142337976983646,-1.5142337976983646
114.61538461538463,3.09,3.75,1.5142337976983646,-1.5142337976983646
114.76923076923077,3.48,4.01,1.5142337976983646,-1.5142337976983646
114.92307692307693,3.09,3.88,1.5142337976983646,-1.5142337976983646
115.07692307692308,3.35,3.88,1.5142337976983646,-1.5142337976983646
115.23076923076924,3.35,4.01,1.5142337976983646,-1.5142337976983646
115.38461538461539,3.22,4.01,1.5142337976983646,-1.5142337976983646
115.53846153846155,3.48,4.01,1.5142337976983646,-1.5142337976983646
115.6923076923077,3.22,4.14,1.5142337976983646,-1.5142337976983646
115.84615384615385,2.96,4.01,1.5142337976983646,-1.5142337976983646
116.0,2.43,4.01,1.5142337976983646,-1.5142337976983646
116.15384615384616,3.22,3.75,1.5142337976983646,-1.5142337976983646
116.30769230769232,3.09,4.01,1.5142337976983646,-1.5142337976983646
116.46153846153847,3.22,4.01,1.5142337976983646,-1.5142337976983646
116.61538461538463,3.09,3.61,1.5142337976983646,-1.5142337976983646
116.76923076923077,3.35,3.88,1.5142337976983646,-1.5142337976983646
116.92307692307693,3.61,4.01,1.5142337976983646,-1.5142337976983646
117.07692307692308,2.69,4.4,1.5142337976983646,-1.5142337976983646
117.23076923076924,2.3,4.14,1.5142337976983646,-1.5142337976983646
117.38461538461539,2.57,3.88,1.5142337976983646,-1.5142337976983646
117.53846153846155,3.35,3.75,1.5142337976983646,-1.5142337976983646
117.6923076923077,3.61,3.88,1.5142337976983646,-1.5142337976983646
117.84615384615385,3.35,4.27,1.5142337976983646,-1.5142337976983646
118.0,3.22,3.75,1.5142337976983646,-1.5142337976983646
118.15384615384616,2.3,4.01,1.5142337976983646,-1.5142337976983646
118.30769230769232,2.57,4.01,1.5142337976983646,-1.5142337976983646
118.46153846153847,2.57,3.75,1.5142337976983646,-1.5142337976983646
118.61538461538463,2.69,3.75,1.5142337976983646,-1.5142337976983646
118.76923076923077,3.22,3.88,1.5142337976983646,-1.5142337976983646
118.92307692307693,3.22,3.75,1.5142337976983646,-1.5142337976983646
119.07692307692308,2.83,3.61,1.5142337976983646,-1.5142337976983646
119.23076923076924,2.17,4.01,1.5142337976983646,-1.5142337976983646
119.38461538461539,2.43,3.88,1.5142337976983646,-1.5142337976983646
119.53846153846155,2.69,4.14,1.5142337976983646,-1.5142337976983646
119.6923076923077,2.3,4.01,1.5142337976983646,-1.5142337976983646
119.84615384615385,2.3,4.14,1.5142337976983646,-1.5142337976983646
120.0,2.83,3.88,1.5142337976983646,-1.5142337976983646
120.15384615384616,2.83,4.01,1.5142337976983646,-1.5142337976983646
120.30769230769232,3.09,3.75,1.5142337976983646,-1.5142337976983646
120.46153846153847,3.09,4.01,1.5142337976983646,-1.5142337976983646
120.61538461538463,3.75,4.01,1.5142337976983646,-1.5142337976983646
120.76923076923077,2.69,4.01,1.5142337976983646,-1.5142337976983646
120.92307692307693,3.88,4.14,1.5142337976983646,-1.5142337976983646
121.07692307692308,2.96,3.88,1.5142337976983646,-1.5142337976983646
121.23076923076924,3.48,4.14,1.5142337976983646,-1.5142337976983646
121.38461538461539,2.17,4.14,1.5142337976983646,-1.5142337976983646
121.53846153846155,2.83,3.88,1.5142337976983646,-1.5142337976983646
121.6923076923077,2.17,4.01,1.5142337976983646,-1.5142337976983646
121.84615384615385,2.69,3.75,1.5142337976983646,-1.5142337976983646
122.0,3.09,4.14,1.5142337976983646,-1.5142337976983646
122.15384615384616,2.96,4.01,1.5142337976983646,-1.5142337976983646
122.30769230769232,2.96,3.75,1.5142337976983646,-1.5142337976983646
122.46153846153847,2.57,4.01,1.5142337976983646,-1.5142337976983646
122.61538461538463,1.91,4.14,1.5142337976983646,-1.5142337976983646
122.76923076923077,2.69,3.88,1.5142337976983646,-1.5142337976983646
122.92307692307693,1.78,4.14,1.5142337976983646,-1.5142337976983646
123.07692307692308,2.43,3.75,1.5142337976983646,-1.5142337976983646
123.23076923076924,2.43,3.75,1.5142337976983646,-1.5142337976983646
123.38461538461539,3.61,3.88,1.5142337976983646,-1.5142337976983646
123.53846153846155,3.22,3.61,1.5142337976983646,-1.5142337976983646
123.6923076923077,3.48,3.88,1.5142337976983646,-1.5142337976983646
123.84615384615385,1.91,4.01,1.5142337976983646,-1.5142337976983646
124.0,3.22,4.27,1.5142337976983646,-1.5142337976983646
124.15384615384616,2.43,4.01,1.5142337976983646,-1.5142337976983646
124.30769230769232,2.83,3.88,1.5142337976983646,-1.5142337976983646
124.46153846153847,2.69,4.14,1.5142337976983646,-1.5142337976983646
124.61538461538463,2.57,3.61,1.5142337976983646,-1.5142337976983646
124.76923076923077,2.69,4.01,1.5142337976983646,-1.5142337976983646
124.92307692307693,2.69,3.88,1.5142337976983646,-1.5142337976983646
125.07692307692308,3.61,4.27,1.5142337976983646,-1.5142337976983646
125.23076923076924,2.96,3.75,1.5142337976983646,-1.5142337976983646
125.38461538461539,3.61,4.01,1.5142337976983646,-1.5142337976983646
125.53846153846155,2.96,4.01,1.5142337976983646,-1.5142337976983646
125.6923076923077,3.35,4.14,1.5142337976983646,-1.5142337976983646
125.84615384615385,3.35,4.01,1.5142337976983646,-1.5142337976983646
126.0,2.83,4.01,1.5142337976983646,-1.5142337976983646
126.15384615384616,2.57,3.75,1.5142337976983646,-1.5142337976983646
126.30769230769232,2.57,4.14,1.5142337976983646,-1.5142337976983646
126.46153846153847,2.57,4.01,1.5142337976983646,-1.5142337976983646
126.61538461538463,2.69,4.01,1.5142337976983646,-1.5142337976983646
126.76923076923077,3.35,4.01,1.5142337976983646,-1.5142337976983646
126.92307692307693,2.96,3.75,1.5142337976983646,-1.5142337976983646
127.07692307692308,2.3,3.75,1.5142337976983646,-1.5142337976983646
127.23076923076924,2.17,4.01,1.5142337976983646,-1.5142337976983646
127.38461538461539,2.3,4.01,1.5142337976983646,-1.5142337976983646
127.53846153846155,2.83,4.01,1.5142337976983646,-1.5142337976983646
127.6923076923077,2.83,3.75,1.5142337976983646,-1.5142337976983646
127.84615384615385,2.83,4.01,1.5142337976983646,-1.5142337976983646
128.0,2.96,4.01,1.5142337976983646,-1.5142337976983646
128.15384615384616,3.35,4.01,1.5142337976983646,-1.5142337976983646
128.30769230769232,2.57,4.27,1.5142337976983646,-1.5142337976983646
128.46153846153848,2.96,4.14,1.5142337976983646,-1.5142337976983646
128.6153846153846,2.43,3.88,1.5142337976983646,-1.5142337976983646
128.76923076923077,2.96,4.27,1.5142337976983646,-1.5142337976983646
128.92307692307693,2.69,3.75,1.5142337976983646,-1.5142337976983646
129.0769230769231,2.83,4.01,1.5142337976983646,-1.5142337976983646
129.23076923076923,2.69,4.14,1.5142337976983646,-1.5142337976983646
129.3846153846154,3.09,4.14,1.5142337976983646,-1.5142337976983646
129.53846153846155,3.35,4.01,1.5142337976983646,-1.5142337976983646
129.6923076923077,2.43,4.14,1.5142337976983646,-1.5142337976983646
129.84615384615384,2.57,4.01,1.5142337976983646,-1.5142337976983646
130.0,2.83,4.14,1.5142337976983646,-1.5142337976983646
130.15384615384616,2.69,4.01,1.5142337976983646,-1.5142337976983646
130.30769230769232,3.09,3.88,1.5142337976983646,-1.5142337976983646
130.46153846153848,2.69,4.01,1.5142337976983646,-1.5142337976983646
130.6153846153846,3.75,3.88,1.5142337976983646,-1.5142337976983646
130.76923076923077,3.09,4.01,1.5142337976983646,-1.5142337976983646
130.92307692307693,3.09,3.61,1.5142337976983646,-1.5142337976983646
131.0769230769231,2.83,3.75,1.5142337976983646,-1.5142337976983646
131.23076923076923,2.96,3.61,1.5142337976983646,-1.5142337976983646
131.3846153846154,3.48,3.88,1.5142337976983646,-1.5142337976983646
131.53846153846155,3.35,4.01,1.5142337976983646,-1.5142337976983646
131.6923076923077,2.96,4.01,1.5142337976983646,-1.5142337976983646
131.84615384615384,2.69,3.61,1.5142337976983646,-1.5142337976983646
132.0,3.35,4.01,1.5142337976983646,-1.5142337976983646
132.15384615384616,3.22,4.01,1.5142337976983646,-1.5142337976983646
132.30769230769232,2.57,4.14,1.5142337976983646,-1.5142337976983646
132.46153846153848,3.61,4.27,1.5142337976983646,-1.5142337976983646
132.6153846153846,3.09,4.01,1.5142337976983646,-1.5142337976983646
132.76923076923077,2.96,4.01,1.5142337976983646,-1.5142337976983646
132.92307692307693,3.61,3.75,1.5142337976983646,-1.5142337976983646
133.0769230769231,3.09,3.88,1.5142337976983646,-1.5142337976983646
133.23076923076923,3.22,4.01,1.5142337976983646,-1.5142337976983646
133.3846153846154,3.22,4.01,1.5142337976983646,-1.5142337976983646
133.53846153846155,3.09,3.48,1.5142337976983646,-1.5142337976983646
133.6923076923077,3.61,4.01,1.5142337976983646,-1.5142337976983646
133.84615384615384,2.83,3.88,1.5142337976983646,-1.5142337976983646
134.0,2.96,4.14,1.5142337976983646,-1.5142337976983646
134.15384615384616,2.3,4.01,1.5142337976983646,-1.5142337976983646
134.30769230769232,2.83,4.01,1.5142337976983646,-1.5142337976983646
134.46153846153848,0.59,3.48,1.029678982434888,-1.029678982434888
134.6153846153846,0.0,0.73,0.5451241671714112,-0.5451241671714112
134.76923076923077,0.59,0.59,0.1211387038158691,-0.1211387038158691
