time,gyrX,gyrY,gyrZ,accX,accY,accZ
0.0,0.0072286250069737434,0.0018319141818210483,-0.03200286254286766,-0.33612146973609924,0.16733911633491516,9.816304206848145
0.02,-0.02167094498872757,-0.02683553285896778,-0.05157212167978287,-0.057346902787685394,-0.3221477270126343,9.658007621765137
0.04,0.012228420004248619,-0.06938621401786804,-0.017750365659594536,-0.09175463020801544,-0.3029019236564636,9.755298614501953
0.06,0.04053935408592224,-0.031184034422039986,0.0373351126909256,-0.26169806718826294,0.020262259989976883,10.121996879577637
0.08,0.007623141165822744,-0.018221881240606308,0.05556565523147583,-0.1320907324552536,0.09137134999036789,9.84626579284668
0.1,0.0008594347164034843,-0.06782975047826767,0.05611761659383774,0.09317655116319656,0.41607311367988586,9.248146057128906
0.12,-0.028726954013109207,-0.04646530747413635,0.027116378769278526,-0.06982476264238358,0.4745432734489441,9.572595596313477
0.14,-0.03215206414461136,0.013560728169977665,-0.011013055220246315,-0.036732908338308334,0.39047303795814514,10.107934951782227
0.16,0.041377175599336624,0.001235572388395667,-0.0038287178613245487,0.218257874250412,0.043272316455841064,10.400224685668945
0.18,-0.02272067219018936,-0.020340705290436745,0.007038273848593235,0.3558018207550049,-0.6304881572723389,9.988357543945312
0.2,-0.02877931296825409,-0.013821795582771301,0.011225531809031963,0.20628798007965088,-0.23491975665092468,9.64537239074707
0.22,0.05955502390861511,0.029251204803586006,0.010115627199411392,0.1199846863746643,-0.08206258714199066,9.176440238952637
0.24,-0.0031040639150887728,0.02422454208135605,0.015203740447759628,0.09141643345355988,0.09342581778764725,9.55151081085205
0.26,0.0685361698269844,0.007974380627274513,0.01506825815886259,-0.11089134216308594,0.4877519905567169,10.345133781433105
0.28,0.09104841202497482,0.021372171118855476,-0.0031546172685921192,-0.3228512704372406,0.3601405620574951,10.266440391540527
0.3,0.03659122809767723,0.020137019455432892,-0.02816244401037693,-0.07927178591489792,-0.006534173619002104,9.793130874633789
0.32,-0.005056082736700773,-0.0014571207575500011,-0.02547799050807953,0.12627407908439636,-0.0964735597372055,9.44937801361084
0.34,0.014683517627418041,0.005942109972238541,-0.01755424775183201,0.02840297855436802,0.04066772013902664,9.645119667053223
0.36,-0.0005770803545601666,-0.0017097130184993148,0.0005747951800003648,-0.1033746749162674,-0.14964637160301208,9.830790519714355
0.38,-0.061370640993118286,-0.004821079317480326,0.0246414914727211,-0.13700705766677856,-0.028757886961102486,9.801950454711914
0.4,-0.0543551966547966,-0.0310851838439703,0.012738336808979511,-0.21647359430789948,0.48335137963294983,9.820480346679688
0.42,-0.062221672385931015,-0.0011560525745153427,-0.00029476129566319287,-0.33647966384887695,0.5861309766769409,9.77237319946289
0.44,-0.013408331200480461,-0.004721326753497124,-0.013163390569388866,-0.3498867452144623,0.22159747779369354,9.874720573425293
0.46,-0.011220158077776432,-0.034471601247787476,-0.005717161577194929,-0.22807465493679047,-0.10043128579854965,9.880025863647461
0.48,-0.02995281107723713,-0.01547984592616558,-0.002818342298269272,-0.10130903869867325,-0.3601911962032318,9.765310287475586
0.5,0.04475947469472885,-0.022953448817133904,0.0054801637306809425,0.005792655050754547,-0.25299781560897827,9.855631828308105
0.52,0.07357458025217056,-0.029967820271849632,0.02798159420490265,0.03827226907014847,-0.30490174889564514,9.83155345916748
0.54,0.007799025159329176,-0.04094107449054718,0.03739960119128227,0.057204246520996094,0.06425824016332626,9.945655822753906
0.56,-0.008059648796916008,-0.009489250369369984,0.034500572830438614,-0.16291899979114532,0.16958583891391754,9.996124267578125
0.58,0.006921669468283653,-0.008307422511279583,0.0024261148646473885,-0.1194290816783905,0.2550494968891144,9.523836135864258
0.6,0.006200174335390329,-0.044689614325761795,-0.00960509106516838,0.1274242103099823,0.17554454505443573,9.374030113220215
0.62,-0.006803574506193399,-0.04515129327774048,-0.014285593293607235,0.21969561278820038,-0.17123374342918396,9.73166561126709
0.64,0.055357832461595535,-0.02444031462073326,0.000617244397290051,0.11038640141487122,-0.22401781380176544,10.39500904083252
0.66,0.08175157755613327,0.011866344138979912,0.00435872795060277,0.13184529542922974,-0.22213530540466309,10.315396308898926
0.68,0.019039614126086235,-0.0003207279078196734,0.03149256110191345,0.09966357797384262,-0.049149997532367706,9.637572288513184
0.7000000000000001,0.060559581965208054,-0.022616539150476456,0.023962033912539482,0.060515064746141434,0.474651962518692,9.307875633239746
0.72,0.054016292095184326,0.003185825189575553,0.014449899084866047,-0.007572357542812824,0.7125071883201599,9.434526443481445
0.74,0.002183410804718733,0.032135773450136185,-0.0022369190119206905,0.21875812113285065,0.5045999884605408,10.010396957397461
0.76,-0.04690006375312805,0.008170042186975479,-0.021028367802500725,0.3260042667388916,0.01209860760718584,10.332136154174805
0.78,0.014128634706139565,-0.01775713451206684,-0.0198686383664608,0.14333204925060272,-0.3415940999984741,10.136502265930176
0.8,0.02694525197148323,0.015049341134727001,-0.0061059375293552876,-0.04403839260339737,-0.2413826584815979,9.807499885559082
0.8200000000000001,0.016679437831044197,0.030661094933748245,0.015372839756309986,-0.015468691475689411,-0.07063053548336029,9.054967880249023
0.84,-0.08052536100149155,-0.002920387079939246,0.024039600044488907,0.011499736458063126,0.4861554503440857,9.268853187561035
0.86,0.007437870372086763,-0.039632655680179596,0.007124269846826792,-0.09886248409748077,0.6394681334495544,9.989908218383789
0.88,-0.00976055208593607,-0.03275550156831741,-0.019570056349039078,-0.17515631020069122,0.2715078294277191,10.693153381347656
0.9,-0.022251499816775322,-0.004162007011473179,-0.02406688965857029,-0.2097874879837036,-0.19505630433559418,9.90141773223877
0.92,-0.005793648771941662,-0.03832525759935379,-0.015913864597678185,-0.1008511632680893,-0.3629048466682434,9.178033828735352
0.9400000000000001,-0.02263548970222473,-0.07520198076963425,-0.010141745209693909,-0.06124152988195419,-0.0035603486467152834,9.17646312713623
0.96,-0.002357449382543564,-0.0450432114303112,0.004324032459408045,-0.13695819675922394,0.20737969875335693,9.83145809173584
0.98,0.004447968211025,-0.004002547822892666,0.016140544787049294,-0.3057320713996887,0.11806651204824448,10.18014907836914
1.0,-0.024645032361149788,-0.0005940085393376648,0.02074398100376129,-0.2737984359264374,0.2215307205915451,10.138233184814453
1.02,-0.01628277823328972,-0.019231708720326424,0.03010735660791397,-0.0971611961722374,0.10082519054412842,9.96115493774414
1.04,0.006314198020845652,-0.02140180766582489,0.02057509496808052,0.28869467973709106,-0.041404109448194504,9.543220520019531
1.06,0.01181687880307436,-0.006590778008103371,0.008422122336924076,0.5384621024131775,-0.053813569247722626,9.59499740600586
1.08,0.018138062208890915,-0.005554858595132828,-0.012267696671187878,0.7561057209968567,0.010753770358860493,9.995692253112793
1.1,0.041418686509132385,-0.019885262474417686,-0.018974952399730682,0.6177551746368408,0.22458697855472565,9.992713928222656
1.12,0.04297947138547897,-0.007480533327907324,-0.0014790528221055865,0.20394450426101685,0.07763855159282684,9.495696067810059
1.1400000000000001,-0.007295204792171717,0.014171019196510315,0.017006298527121544,-0.0960327535867691,-0.0478505939245224,9.32292652130127
1.16,-0.030474411323666573,0.01252880971878767,0.01427832804620266,-0.21092382073402405,0.09253989160060883,9.922356605529785
1.18,-0.04613468796014786,-0.0071458700112998486,-0.01328347809612751,-0.10108131915330887,0.42465105652809143,10.441460609436035
1.2,0.03878456726670265,-0.00015631908900104463,-0.03097757324576378,-0.13285022974014282,0.3863505423069,9.926464080810547
1.22,-0.0006765800644643605,-0.007194617763161659,-0.029433531686663628,0.002804473740980029,-0.010899643413722515,9.503929138183594
1.24,-0.03702176734805107,-0.02054680325090885,-0.012179909273982048,0.05336091294884682,-0.17827390134334564,9.792078018188477
1.26,-0.015413010492920876,-0.016643716022372246,0.007015216164290905,0.01322201732546091,-0.08972328156232834,9.612665176391602
1.28,-0.00040346660534851253,0.016533173620700836,0.04447798430919647,-0.17149534821510315,0.052482470870018005,9.524848937988281
1.3,-0.01770407147705555,0.026260968297719955,0.04548507556319237,-0.15881584584712982,0.2986259162425995,10.053796768188477
1.32,-0.0590830072760582,-0.00780248548835516,0.025009119883179665,-0.03777797147631645,0.33928292989730835,10.386343002319336
1.34,-0.02124706842005253,-0.010025396943092346,0.01657146029174328,0.14318403601646423,0.17556975781917572,9.737462997436523
1.36,-0.01343614887446165,0.0019135500770062208,-0.003311671782284975,0.20195452868938446,-0.1324022263288498,9.285802841186523
1.3800000000000001,-0.008543547242879868,-0.004572832491248846,-0.017864573746919632,0.3527471423149109,-0.2963029444217682,9.541226387023926
1.4000000000000001,-0.04234878718852997,-0.00583617202937603,-0.01517027523368597,0.20754386484622955,-0.16844376921653748,10.049345016479492
1.42,-0.0010395987192168832,0.018493477255105972,0.017902279272675514,0.04881560057401657,0.0542408712208271,9.980005264282227
1.44,0.007707180455327034,0.025111569091677666,0.04491151496767998,-0.03798428922891617,0.24805103242397308,9.891922950744629
1.46,0.03594724461436272,-0.0046554505825042725,0.02897370047867298,-0.01832657866179943,0.19720841944217682,10.11682415008545
1.48,-0.0025687343440949917,0.009322503581643105,-0.008614922873675823,0.03462374955415726,0.24909910559654236,9.720479965209961
1.5,0.013950346037745476,0.029376117512583733,-0.03367793560028076,0.1855204552412033,0.1267620474100113,9.259839057922363
1.52,-0.01251906156539917,0.0022131584119051695,-0.022802861407399178,0.23577222228050232,-0.04241308569908142,9.785847663879395
1.54,-0.002683633239939809,-0.021367833018302917,-0.007918533869087696,-0.014860307797789574,-0.058808643370866776,10.42770767211914
1.56,-0.011759722605347633,0.012420469895005226,0.03547361120581627,-0.108619324862957,-0.07007904350757599,9.961746215820312
1.58,0.002473409054800868,0.0455380380153656,0.03766560181975365,0.06306108832359314,-0.0023553187493234873,9.233400344848633
1.6,-0.007051714230328798,0.03625492751598358,0.00779351033270359,0.20616796612739563,0.3169327974319458,9.477154731750488
1.62,-0.021516108885407448,0.023406721651554108,-0.024543313309550285,0.18156784772872925,0.3556644916534424,9.95819091796875
1.6400000000000001,0.014022426679730415,0.016604986041784286,-0.02638755552470684,-0.00015652022557333112,-0.03642400726675987,9.891698837280273
1.6600000000000001,-0.022315237671136856,0.02777511067688465,-0.01228354126214981,-0.022276967763900757,-0.3263950049877167,9.876855850219727
1.68,-0.029666073620319366,0.008421960286796093,0.00850126426666975,0.00998551957309246,-0.20700781047344208,9.892303466796875
1.7,0.0350150465965271,0.0009068453800864518,0.03118858113884926,-0.0755181685090065,0.0664985403418541,9.775300025939941
1.72,0.019248738884925842,0.015561779960989952,0.04546245560050011,-0.05321235582232475,0.16873320937156677,9.83973503112793
1.74,-0.02775035798549652,0.019512632861733437,0.013101916760206223,0.07797486335039139,0.30706608295440674,9.925397872924805
1.76,0.02983156591653824,0.00997705664485693,-0.018795056268572807,0.013780583627521992,0.09406965225934982,9.731907844543457
1.78,0.0008935525547713041,-0.005389654543250799,-0.05473613739013672,-0.0046195657923817635,-0.09171926975250244,9.358144760131836
1.8,-0.032701026648283005,-0.011720300652086735,-0.041535891592502594,-0.0947890430688858,-0.0869361013174057,9.523209571838379
1.82,-0.0025833044201135635,0.015459378249943256,-0.010937152430415154,-0.1992550492286682,0.19791342318058014,9.970279693603516
1.84,0.00319770653732121,0.02319001406431198,0.029150966554880142,-0.33191031217575073,0.011504681780934334,10.14212703704834
1.86,-0.006830669939517975,0.01326590683311224,0.04094839096069336,-0.21135491132736206,0.06337772309780121,10.371037483215332
1.8800000000000001,0.03847750276327133,-0.0005042488919571042,0.039893750101327896,0.12692946195602417,0.14185062050819397,9.80756950378418
1.9000000000000001,-0.03563564643263817,0.023961909115314484,0.0020737305749207735,0.3130488693714142,0.14666081964969635,9.101726531982422
1.92,-0.018538501113653183,0.025743288919329643,-0.033170413225889206,0.3938652575016022,-0.09756781160831451,8.82001781463623
1.94,0.0038676857948303223,0.014218463562428951,-0.03950028121471405,0.26152920722961426,0.08467350155115128,9.782227516174316
1.96,0.005138757638633251,0.022845294326543808,-0.01904985122382641,-0.09318438172340393,-0.0013057846808806062,10.967559814453125
1.98,0.026773834601044655,0.03694143146276474,0.01297259796410799,-0.3047127425670624,-0.05467255413532257,10.434952735900879
2.0,-0.00662763137370348,0.04638473317027092,0.03248542919754982,-0.34606310725212097,-0.036395080387592316,9.557958602905273
2.02,0.00560418888926506,0.0631970688700676,0.021617811173200607,-0.030328793451189995,0.1833498477935791,9.100569725036621
2.04,0.02913820929825306,0.029488926753401756,0.0031975056044757366,0.17048527300357819,0.2698700428009033,9.656278610229492
2.06,0.013243944384157658,0.013667561113834381,-0.005367008503526449,0.16727960109710693,-0.0001881390780908987,10.126960754394531
2.08,-0.0018870251951739192,0.01813824474811554,-0.01862999051809311,0.15221591293811798,-0.12826035916805267,10.012614250183105
2.1,0.011652606539428234,-0.004250111058354378,-0.015539239160716534,0.05991493910551071,-0.2622055113315582,9.699861526489258
2.12,0.029866332188248634,-0.019159918650984764,-0.011915545910596848,-0.14236821234226227,0.11390042304992676,9.829142570495605
2.14,0.05173894390463829,-0.003887175116688013,0.012029263190925121,-0.2545936107635498,0.23377090692520142,9.765725135803223
2.16,0.061139121651649475,-0.0026180932763963938,0.01674146018922329,-0.17076095938682556,0.26923537254333496,9.569008827209473
2.18,0.0457133874297142,-0.02994832582771778,0.024423714727163315,-0.22387193143367767,0.1307307928800583,9.583353042602539
2.2,-0.023759713396430016,-0.018871700391173363,0.01802004501223564,-0.34430935978889465,0.09135322272777557,9.977502822875977
2.22,0.006302469875663519,0.00032561912667006254,0.012316430918872356,-0.4146031141281128,0.0438203290104866,10.160123825073242
2.24,0.011209441348910332,0.002285316353663802,-0.013317703269422054,-0.43065500259399414,0.08339915424585342,9.848477363586426
2.2600000000000002,0.014284997247159481,-0.027649976313114166,-0.0360514260828495,-0.4548889100551605,0.10518990457057953,9.634264945983887
2.2800000000000002,-0.007299056276679039,0.012450601905584335,-0.024911729618906975,-0.4633469581604004,0.14374428987503052,9.737445831298828
2.3000000000000003,-0.011095375753939152,0.030367210507392883,-0.0017439221264794469,-0.3693258464336395,0.12379632145166397,9.985555648803711
2.32,-0.020813411101698875,-0.00015917097334749997,0.013939481228590012,0.33250680565834045,0.3298014998435974,10.005370140075684
2.34,-0.0208821389824152,-0.02632831409573555,0.01394133735448122,0.596451461315155,0.4153258204460144,9.397907257080078
2.36,-0.014071378856897354,0.011404130607843399,0.011958559043705463,0.535058856010437,0.20941777527332306,9.347880363464355
2.38,-0.017679428681731224,0.037672147154808044,-0.00775921018794179,0.4780077338218689,0.15015530586242676,9.658984184265137
2.4,-0.060344140976667404,0.016732487827539444,-0.01310214027762413,0.050019245594739914,0.12523244321346283,9.916598320007324
2.42,-0.020586324855685234,-0.013652810826897621,-0.014391393400728703,-0.33588629961013794,0.20705458521842957,10.175048828125
2.44,-0.02485569939017296,0.0182592011988163,0.012375966645777225,-0.4696049690246582,-0.15993370115756989,10.066492080688477
2.46,0.0036772415041923523,0.035000842064619064,0.03158850967884064,-0.32670608162879944,-0.12815380096435547,9.768543243408203
2.48,0.020838970318436623,0.0372365340590477,0.014540592208504677,-0.029071729630231857,-0.08299164474010468,9.281771659851074
2.5,-0.015201685018837452,-0.0012585206422954798,-0.014275201596319675,0.1841101348400116,-0.025770600885152817,9.687092781066895
2.52,-0.002073913812637329,0.0236499160528183,-0.040179137140512466,0.14063596725463867,0.3192918002605438,10.188966751098633
2.54,-0.020515549927949905,0.07015480846166611,-0.030445728451013565,0.09540669620037079,0.08983996510505676,9.884262084960938
2.56,-0.029520682990550995,0.04457138106226921,-0.021620789542794228,0.10729224979877472,0.0010582043323665857,9.389588356018066
2.58,0.004902905318886042,-0.0010793274268507957,0.00985837634652853,-0.10942117124795914,-0.16153603792190552,9.83770751953125
2.6,0.0252866018563509,-0.020291680470108986,0.04054263234138489,-0.2665661871433258,-0.1957198828458786,10.246929168701172
2.62,0.027028746902942657,0.00984817836433649,0.046300195157527924,-0.3120531439781189,0.22872744500637054,10.23974895477295
2.64,0.004042115993797779,0.007476502563804388,0.020783210173249245,-0.271025151014328,0.20258286595344543,9.450104713439941
2.66,0.023394973948597908,-0.04160916060209274,-0.013787872157990932,-0.2261616587638855,0.19461973011493683,9.246753692626953
2.68,-0.02750728651881218,-0.022326741367578506,-0.03693113103508949,-0.37879982590675354,0.18546351790428162,9.671733856201172
2.7,0.00858490914106369,-0.012507052160799503,-0.04039648920297623,-0.4063076674938202,0.14253413677215576,10.144965171813965
2.72,0.029342414811253548,0.0010207702871412039,-0.026341278105974197,-0.38573166728019714,-0.06686598062515259,10.314168930053711
2.74,-0.011339527554810047,0.0033782520331442356,0.01278629805892706,-0.36904987692832947,-0.19594790041446686,9.634601593017578
2.7600000000000002,0.0039971754886209965,0.004499268252402544,0.04530321806669235,-0.3267620801925659,0.0925135463476181,9.274688720703125
2.7800000000000002,-0.0031124104280024767,-0.006753870286047459,0.0492006279528141,-0.14280769228935242,0.13793842494487762,9.865041732788086
2.8000000000000003,-0.01916632615029812,-0.026807449758052826,0.021907083690166473,0.23765306174755096,0.35397079586982727,10.21567153930664
2.82,-0.009493282996118069,-0.0051666563376784325,-0.0033214048016816378,0.4483914375305176,0.28820210695266724,9.78436279296875
2.84,-0.006460193544626236,0.013272905722260475,-0.03332049772143364,0.402908593416214,-0.003452080301940441,9.653301239013672
2.86,0.01017147395759821,0.009208602830767632,-0.023361830040812492,0.2559402585029602,0.05333961546421051,9.83311939239502
2.88,0.008901129476726055,-0.011716149747371674,0.021931983530521393,-0.0813755989074707,-0.010509323328733444,9.89197826385498
2.9,0.012620847672224045,-0.0014978080289438367,0.04543519765138626,-0.33186444640159607,-0.0741286650300026,9.751011848449707
2.92,-0.02278067357838154,0.012814930640161037,0.028197653591632843,-0.27026861906051636,0.25896403193473816,9.74160099029541
2.94,-0.01207959745079279,-0.007870692759752274,-0.004930128809064627,-0.13728848099708557,0.3805047273635864,9.611123085021973
2.96,-0.0034760599955916405,-0.02526237629354,-0.02506118081510067,-0.11060789972543716,0.12785135209560394,9.768176078796387
2.98,-0.0216156505048275,-0.007078003603965044,-0.033701762557029724,0.03234311193227768,-0.1832268089056015,9.564630508422852
3.0,0.015506570227444172,-0.017147498205304146,-0.01975531503558159,0.07724140584468842,-0.029981575906276703,9.88886547088623
3.02,-0.01104923989623785,-0.027011215686798096,-0.007103503216058016,0.015896154567599297,0.0007665465236641467,9.750276565551758
3.04,-0.011711920611560345,-0.03971485793590546,0.02064582332968712,-0.08318912237882614,0.1065579205751419,9.616693496704102
3.06,0.025018006563186646,-0.00768090458586812,0.026834428310394287,-0.3641538619995117,0.1906059831380844,9.783256530761719
3.08,0.02418445609509945,-0.005072775762528181,0.03433637320995331,-0.4255616068840027,-0.04111457243561745,10.319304466247559
3.1,0.04772243648767471,0.0124296760186553,0.010797586292028427,-0.43734070658683777,-0.17659854888916016,9.973557472229004
3.12,0.03729277476668358,0.02250697836279869,-0.007805825211107731,-0.452261745929718,-0.13287043571472168,9.29682445526123
3.14,0.04234324023127556,0.054406940937042236,-0.043016497045755386,-0.44708773493766785,0.06647752225399017,9.484381675720215
3.16,0.03919961303472519,0.043141208589076996,-0.02565573714673519,0.08213159441947937,0.16950981318950653,10.190778732299805
3.18,0.02731226198375225,0.004775814712047577,0.01838797889649868,0.5884079933166504,0.07479258626699448,10.100247383117676
3.2,0.0005259687313809991,0.030597588047385216,0.05105474218726158,0.7086710929870605,0.17242297530174255,9.41928482055664
3.22,0.01918635703623295,0.06024345010519028,0.03794053569436073,0.4988393783569336,0.18397362530231476,9.566959381103516
3.24,-0.014001606963574886,0.04341738298535347,-0.0082734115421772,0.15668733417987823,0.4212879538536072,9.898453712463379
3.2600000000000002,-0.004156827460974455,-0.0002906211302615702,-0.037766534835100174,-0.2836220860481262,0.5442231297492981,10.295517921447754
3.2800000000000002,-0.012377286329865456,0.00672863470390439,-0.04581965133547783,-0.3761216402053833,0.2975735664367676,10.13625431060791
3.3000000000000003,0.024370620027184486,-0.0011536770034581423,-0.03229938820004463,-0.31185832619667053,0.08808854222297668,9.887504577636719
3.3200000000000003,-0.004591283388435841,-0.008568348363041878,0.017185045406222343,-0.3837111294269562,-0.2720169723033905,9.390229225158691
3.34,0.013970144093036652,0.019283993169665337,0.02639119327068329,-0.46201223134994507,0.017534170299768448,9.39543342590332
3.36,-0.03594452515244484,0.03148883581161499,0.040946006774902344,-0.4196614921092987,0.3896447420120239,9.701594352722168
3.38,-0.004602507222443819,0.01072767749428749,0.023802554234862328,-0.27965211868286133,0.5732029676437378,10.131409645080566
3.4,-0.04416155070066452,-0.010529270395636559,-0.007797901052981615,-0.17551082372665405,0.340247243642807,10.005486488342285
3.42,-0.025466665625572205,0.00682105915620923,-0.023023385554552078,-0.16917210817337036,-0.11501794308423996,9.379900932312012
3.44,-0.0031484817154705524,0.00915407296270132,-0.02999419905245304,-0.10629180818796158,-0.2838646173477173,9.38643741607666
3.46,0.014658002182841301,-0.03445925936102867,-0.014150738716125488,-0.16343490779399872,-0.1386064887046814,9.889342308044434
3.48,0.005770145449787378,-0.031186537817120552,0.015138572081923485,-0.27400046586990356,-0.006056391634047031,10.243953704833984
3.5,0.004468651954084635,0.014272641390562057,0.03231244906783104,-0.3203089237213135,0.4798348546028137,9.765311241149902
3.52,-0.023484334349632263,0.021004056558012962,0.033408526331186295,-0.25103166699409485,0.2131991982460022,9.593042373657227
3.54,0.005588929168879986,-0.0028038432355970144,0.011631352826952934,-0.10838138312101364,0.18637888133525848,9.449746131896973
3.56,-0.016269687563180923,-0.0006887614727020264,0.008493182249367237,-0.07197567075490952,0.09083990007638931,9.868881225585938
3.58,-0.028612032532691956,0.02948199398815632,-0.009823666885495186,0.06041957437992096,-0.03738429769873619,10.090071678161621
3.6,-0.0238824263215065,0.006865265313535929,0.001272691530175507,0.18755066394805908,0.15705876052379608,10.128830909729004
3.62,0.028166834264993668,-0.02245822362601757,0.019162368029356003,-0.041676390916109085,-0.06345964968204498,9.703600883483887
3.64,0.02995973825454712,0.005780015140771866,0.01933893747627735,-0.2703067660331726,0.044192831963300705,9.644268035888672
3.66,-0.011165698058903217,0.02937312051653862,0.023358719423413277,-0.2432531714439392,0.18978390097618103,10.190614700317383
3.68,0.012828542850911617,0.017588045448064804,-0.0053674886003136635,-0.23825106024742126,0.1536550223827362,10.345848083496094
3.7,-0.004850078374147415,-0.009540998376905918,-0.015156883746385574,-0.19688457250595093,0.24050669372081757,9.61110782623291
3.72,0.014246649108827114,-0.0007834103307686746,-0.015099480748176575,-0.07741375267505646,0.07851696014404297,9.018855094909668
3.74,-0.007179464213550091,-0.011941189877688885,-0.00700755137950182,-0.0766487717628479,-0.15242086350917816,9.6436185836792
3.7600000000000002,0.03467642888426781,-0.035709984600543976,0.0005175998667255044,-0.24208182096481323,-0.001831463654525578,10.417362213134766
3.7800000000000002,0.045281097292900085,-0.006608179304748774,0.01586456596851349,-0.3915306627750397,0.04955844581127167,10.135316848754883
3.8000000000000003,0.0276070237159729,0.010285140946507454,0.028578458353877068,-0.3817167580127716,0.3399122953414917,9.579421043395996
3.8200000000000003,-0.004972467198967934,-0.011126215569674969,0.015473021194338799,-0.1844753473997116,0.306537389755249,9.383337020874023
3.84,-0.01761203445494175,-0.0300847589969635,-0.019245069473981857,-0.040662746876478195,0.29379212856292725,9.377845764160156
3.86,-0.01108385156840086,-0.013114718720316887,-0.0330502949655056,-0.023274779319763184,0.18568915128707886,9.645705223083496
3.88,-0.014497148804366589,-0.018875079229474068,-0.026228386908769608,0.060193032026290894,0.014847259037196636,9.909804344177246
3.9,0.01704603247344494,-0.03979983180761337,-0.00405640946701169,-0.07804775983095169,0.09485700726509094,10.319543838500977
3.92,0.01680922321975231,-0.007704983465373516,0.03020787611603737,-0.49142247438430786,0.0639193058013916,10.394872665405273
3.9400000000000004,-0.05118077993392944,0.039271045476198196,0.04299303889274597,-0.3412931263446808,0.19966371357440948,9.735685348510742
3.9600000000000004,-0.013912169262766838,0.03046414628624916,0.026249060407280922,0.006930708885192871,0.44191986322402954,9.464547157287598
3.9800000000000004,0.0006983784260228276,-0.010585921816527843,-0.0030814879573881626,-0.010383856482803822,0.09906116127967834,9.676580429077148
4.0,-0.025914933532476425,0.011339317075908184,-0.01579768769443035,0.017523715272545815,-0.11493302881717682,9.814635276794434
4.0200000000000005,0.017539914697408676,0.029338093474507332,-0.019031204283237457,0.06284424662590027,-0.21421852707862854,9.5383939743042
4.04,0.04659344255924225,0.008414827287197113,-0.008661814965307713,-0.020966021344065666,-0.1946830004453659,9.80051040649414
4.0600000000000005,0.08420903235673904,-0.004325386136770248,0.023222139105200768,-0.14997558295726776,0.06227005645632744,10.168304443359375
4.08,0.06442680954933167,0.011847076006233692,0.033981163054704666,-0.2225760668516159,0.34085509181022644,9.867854118347168
4.1,0.04033190757036209,0.03647874668240547,0.023854155093431473,-0.2368466705083847,0.43367281556129456,9.568140983581543
4.12,0.052506476640701294,0.018831074237823486,-0.0021846529562026262,-0.1483587920665741,0.21570241451263428,9.515936851501465
4.140000000000001,0.01616252399981022,-0.023882418870925903,-0.01720562018454075,-0.03823088854551315,0.17946206033229828,9.398965835571289
4.16,-0.009289911016821861,-0.036893364042043686,-0.03455965593457222,-0.029437493532896042,0.1480073630809784,9.721138000488281
4.18,0.012085618451237679,-0.028299370780587196,-0.02497917413711548,-0.1143404170870781,0.1458156406879425,10.099629402160645
4.2,0.027634454891085625,-0.040012042969465256,-0.011410873383283615,-0.07239966094493866,0.19360794126987457,10.107653617858887
4.220000000000001,0.025793030858039856,-0.03713091090321541,0.013886408880352974,-0.13419942557811737,0.18266649544239044,9.474006652832031
4.24,-0.000340806640451774,-0.03346935659646988,0.031212564557790756,-0.2281131148338318,0.2862612009048462,9.52708911895752
4.26,-0.003975532483309507,-0.0326230451464653,0.030402204021811485,-0.3889217972755432,0.34222209453582764,9.993210792541504
4.28,0.014719251543283463,-0.015148058533668518,0.019788531586527824,-0.6698738932609558,0.2934124171733856,10.397943496704102
4.300000000000001,-0.04256075993180275,-0.010974621400237083,-0.020740775391459465,-0.6641817092895508,0.277632474899292,9.869709968566895
4.32,0.0005289556575007737,0.002722033765166998,-0.025650888681411743,-0.516416072845459,0.15010309219360352,9.660866737365723
4.34,0.039117734879255295,0.008855041116476059,-0.02556123398244381,-0.4882476329803467,-0.1184874102473259,9.837389945983887
4.36,0.03655320778489113,0.010039773769676685,-0.003934097476303577,-0.372370183467865,-0.22060799598693848,9.886561393737793
4.380000000000001,-0.008166925981640816,-0.006071587558835745,0.015572277829051018,-0.27725446224212646,0.33869367837905884,9.800861358642578
4.4,0.005808289162814617,-0.013866574503481388,0.035728175193071365,0.07832735031843185,0.48295772075653076,9.898688316345215
4.42,0.018282823264598846,-0.04265044257044792,0.023207202553749084,0.576045036315918,0.35335493087768555,9.81206226348877
4.44,-0.04624512419104576,-0.030135253444314003,-0.003337736241519451,0.6121677160263062,0.24737583100795746,9.523029327392578
4.460000000000001,-0.02536984719336033,-0.025270070880651474,-0.02953711338341236,0.3948001563549042,0.35197576880455017,9.461966514587402
4.48,-0.031490955501794815,-0.03401859104633331,-0.02812972292304039,-0.04920993372797966,0.3263384699821472,9.601247787475586
4.5,-0.03178123012185097,-0.04483996331691742,-0.015020583756268024,-0.2263861745595932,0.18113136291503906,9.84190559387207
4.5200000000000005,-0.06990241259336472,-0.02782324142754078,0.0029995660297572613,-0.41764014959335327,0.0704868882894516,10.09278678894043
4.54,-0.04905042424798012,0.01463489979505539,0.022040491923689842,-0.34723082184791565,0.08400630205869675,10.10230541229248
4.5600000000000005,-0.015456996858119965,0.01496105920523405,0.021702254191040993,-0.16686919331550598,0.10836224257946014,9.616728782653809
4.58,-0.0734112337231636,-0.03697860985994339,0.008316743187606335,0.08618670701980591,0.39603567123413086,9.388561248779297
4.6,-0.010020480491220951,-0.015295070596039295,-0.014436855912208557,0.06926396489143372,0.21910879015922546,9.794647216796875
4.62,-0.013567402958869934,0.04713759943842888,-0.022856663912534714,0.3100753128528595,-0.0009869127534329891,10.089735984802246
4.640000000000001,0.012275082990527153,0.021666651591658592,-0.01296477485448122,0.3534526228904724,0.005290768574923277,9.983650207519531
4.66,0.018137570470571518,-0.05162319913506508,0.021534930914640427,0.04705168679356575,-0.13723963499069214,9.708517074584961
4.68,0.019661886617541313,-0.03618346527218819,0.032549090683460236,-0.05630112811923027,-0.053825777024030685,9.704570770263672
4.7,0.02793436497449875,0.0016935589956119657,0.03670743107795715,-0.20529332756996155,0.12708833813667297,10.059313774108887
4.720000000000001,0.028967713937163353,-0.015843253582715988,0.006958960555493832,-0.221207395195961,0.007122734561562538,9.90085220336914
4.74,0.00519584259018302,-0.04379213601350784,-0.008995340205729008,-0.40618059039115906,0.06895487010478973,9.672027587890625
4.76,0.0032433357555419207,0.007381665986031294,-0.033968083560466766,-0.629750669002533,0.3022752106189728,9.626995086669922
4.78,0.0928395688533783,0.03376613184809685,-0.02136191353201866,-0.6772067546844482,0.23719266057014465,10.164432525634766
4.800000000000001,0.050493210554122925,0.040585409849882126,-0.005494620185345411,-0.5225102305412292,-0.04288341477513313,10.056333541870117
4.82,0.03369978070259094,0.013763152994215488,0.035218074917793274,-0.3978675305843353,0.05544727295637131,9.6673583984375
4.84,0.030344795435667038,0.020894642919301987,0.037223611027002335,0.1136583536863327,0.20404647290706635,9.68956184387207
4.86,0.027841301634907722,0.014020569622516632,0.021133271977305412,0.5931148529052734,0.44887369871139526,9.839434623718262
4.880000000000001,0.010215837508440018,0.006462367717176676,-0.013194541446864605,0.6998580694198608,0.6251147985458374,9.532967567443848
4.9,0.026675358414649963,-0.016037220135331154,-0.030873525887727737,0.3670453131198883,0.5191980600357056,9.52977466583252
4.92,-0.009166354313492775,-0.0021318690851330757,-0.018128981813788414,-0.0011206810595467687,0.0960097461938858,10.108542442321777
4.94,-0.02310546673834324,0.000456932932138443,0.0011585877509787679,-0.2670060992240906,0.11136111617088318,10.370631217956543
4.960000000000001,0.018010102212429047,-0.010447840206325054,0.012454072944819927,-0.4348389804363251,0.020137833431363106,9.699816703796387
4.98,-0.06404262781143188,0.01738339476287365,0.018691066652536392,-0.4492878317832947,0.12523555755615234,9.30463695526123
5.0,-0.010720506310462952,-0.007518265396356583,0.010694085620343685,-0.36852437257766724,0.442604660987854,9.8654203414917
5.0200000000000005,-0.005918960552662611,-0.02129470556974411,0.0006015252438373864,-0.2976706027984619,0.09837328642606735,9.97628116607666
5.040000000000001,-0.012344968505203724,-0.01444338820874691,-0.013810399919748306,-0.07796192169189453,0.1101926788687706,9.763993263244629
5.0600000000000005,0.006597522180527449,-0.003727397881448269,-0.008606714196503162,0.2844826877117157,0.17705698311328888,9.650273323059082
5.08,-0.010601296089589596,-0.020630544051527977,-0.005373566411435604,0.39800265431404114,0.21581177413463593,9.656294822692871
5.1,0.012981238774955273,-0.01908266544342041,0.002157550537958741,0.09699699282646179,0.22898121178150177,9.678423881530762
5.12,-0.041758306324481964,-0.010916600935161114,0.017726408317685127,-0.14881156384944916,0.12653540074825287,9.682873725891113
5.140000000000001,0.008391031995415688,-0.0023792108986526728,0.010660814121365547,-0.35039660334587097,0.2998484671115875,9.972206115722656
5.16,0.01045958511531353,-0.018384817987680435,0.0001688890188233927,-0.42273715138435364,0.1827227920293808,10.38485336303711
5.18,0.020968971773982048,-0.007856534793972969,-0.0019606940913945436,-0.40216878056526184,0.011631805449724197,9.74996566772461
5.2,0.0008259185706265271,0.00798567570745945,-0.005287268199026585,-0.19310593605041504,0.04105178639292717,9.490873336791992
5.220000000000001,-0.017729567363858223,-0.010947981849312782,-0.013426334597170353,0.10477931052446365,0.16352775692939758,9.636482238769531
5.24,0.016181346029043198,-0.016529925167560577,-0.007287230808287859,0.21192556619644165,0.3601982593536377,9.882155418395996
5.26,-0.01040263008326292,-0.023992720991373062,0.0038106173742562532,0.24650846421718597,0.294669508934021,9.735979080200195
5.28,-0.03315480425953865,-0.0029461029917001724,0.020085856318473816,0.038273997604846954,0.2432510256767273,9.49987506866455
5.300000000000001,-0.02771652862429619,0.007852152921259403,0.01479104533791542,-0.17558616399765015,0.25767338275909424,10.099604606628418
5.32,0.05030346289277077,-0.015243601985275745,-0.0021506003104150295,-0.24854135513305664,0.17591527104377747,10.234966278076172
5.34,0.002055428922176361,-0.01687774993479252,-0.007575521245598793,-0.34968510270118713,0.0909184068441391,10.074673652648926
5.36,-0.02547726221382618,-0.02376837655901909,-0.02501833438873291,-0.17637255787849426,0.2618293762207031,9.607763290405273
5.380000000000001,0.042907021939754486,-0.02133968286216259,-0.010379251092672348,0.02078889310359955,0.13976852595806122,9.40946102142334
5.4,-0.00417413841933012,-0.0012438239064067602,0.004568672273308039,-0.03163799270987511,0.07556170970201492,9.627076148986816
5.42,-0.002972876885905862,0.017526723444461823,0.02200194261968136,0.03865737468004227,0.3178955316543579,9.87926197052002
5.44,-0.037333715707063675,0.0028976579196751118,0.016994383186101913,0.2158258557319641,0.40238308906555176,10.139345169067383
5.460000000000001,0.015643812716007233,-0.008926286362111568,-0.006032404489815235,0.12773974239826202,0.4065462350845337,10.13582992553711
5.48,-0.050167202949523926,0.014715602621436119,-0.012964987196028233,-0.041115954518318176,0.1917853206396103,9.623464584350586
5.5,-0.011176887899637222,0.03434270992875099,-0.02467474341392517,0.06394381076097488,0.1707424819469452,9.257277488708496
5.5200000000000005,-0.023052774369716644,-0.009250166825950146,-0.008478024043142796,0.09079454839229584,0.05103475973010063,9.398080825805664
5.540000000000001,-0.01614961214363575,-0.025833606719970703,0.011261370964348316,-0.12287046760320663,0.020177561789751053,9.903790473937988
5.5600000000000005,0.001247031264938414,0.0015883861342445016,0.022231992334127426,-0.33162251114845276,0.10246612131595612,10.268952369689941
5.58,-0.05045827850699425,0.04553467780351639,0.0239263828843832,-0.3513321280479431,0.2424861043691635,9.997420310974121
5.6,-0.02251870185136795,0.004811720456928015,-0.0026525070425122976,-0.1276765614748001,0.3748323917388916,9.699975967407227
5.62,0.00059360486920923,-0.016831612214446068,-0.0239139124751091,-0.09288729727268219,0.14110487699508667,9.63284683227539
5.640000000000001,-0.030206477269530296,0.012593748979270458,-0.039197854697704315,-0.09859682619571686,0.1053854376077652,9.430673599243164
5.66,0.011831375770270824,-0.006554262712597847,-0.0086767403408885,-0.06966706365346909,0.04932047426700592,9.859174728393555
5.68,0.016223695129156113,-0.04199358448386192,0.02375076152384281,-0.09880126267671585,0.005150568205863237,10.3184814453125
5.7,-0.004796162713319063,-0.023702848702669144,0.0253132414072752,-0.30043137073516846,0.012282753363251686,9.953078269958496
5.720000000000001,0.015930911526083946,0.015432332642376423,0.036325663328170776,-0.3256809413433075,0.32771044969558716,9.387078285217285
5.74,-0.016344469040632248,0.008435030467808247,0.012818606570363045,-0.08142314851284027,0.378446489572525,9.227304458618164
5.76,-0.016857167705893517,-0.02350682020187378,-0.02121318131685257,0.12748904526233673,0.4561351537704468,9.841513633728027
5.78,-0.023145586252212524,0.01042161975055933,-0.015171574428677559,0.09905888140201569,0.4050109088420868,10.214778900146484
5.800000000000001,-0.019579021260142326,-0.005248088855296373,-0.014526387676596642,0.2178032249212265,-0.07993651926517487,10.083365440368652
5.82,-0.009997926652431488,-0.057389456778764725,0.005413557402789593,0.0469014048576355,-0.18271002173423767,9.868913650512695
5.84,0.025058846920728683,-0.019468063488602638,0.0253180842846632,-0.2621767222881317,0.18380655348300934,9.645930290222168
5.86,0.014993635937571526,0.03611644729971886,0.03797876834869385,-0.24468210339546204,0.22606965899467468,9.781129837036133
5.880000000000001,-0.06197996437549591,0.009328724816441536,0.014902154915034771,-0.050770677626132965,0.5172128677368164,9.804606437683105
5.9,-0.030399063602089882,-0.05344948172569275,-0.02065887860953808,-0.024988869205117226,0.34302303194999695,9.557673454284668
5.92,0.017566129565238953,-0.0013050014385953546,-0.018148912116885185,-0.10832107067108154,0.10292071104049683,9.642621040344238
5.94,-0.012370691634714603,0.031327493488788605,-0.0039012341294437647,0.01199075486510992,-0.2756076753139496,9.968648910522461
5.96,-0.008433965034782887,-0.03556031361222267,-0.0017250818200409412,0.03296532481908798,-0.16447100043296814,9.918794631958008
5.98,-0.019814424216747284,-0.058160070329904556,0.02383873611688614,0.5327208638191223,0.19206497073173523,9.725362777709961
6.0,0.01619657129049301,-0.03356276825070381,0.0685819759964943,0.37587010860443115,0.5240458250045776,10.101483345031738
6.0200000000000005,0.002674141665920615,0.022978845983743668,0.1050562933087349,0.2648235559463501,0.4029998183250427,9.939868927001953
6.04,-0.020799744874238968,0.012094678357243538,0.07708536833524704,0.1613166630268097,0.163222074508667,9.246804237365723
6.0600000000000005,-0.0024279793724417686,-0.0017214679392054677,0.029902804642915726,-0.4285324811935425,0.41290462017059326,9.438532829284668
6.08,-0.06695569306612015,0.020579826086759567,-0.006025510840117931,-0.8258993625640869,0.386930912733078,10.408745765686035
6.1000000000000005,-0.03222724422812462,0.026904858648777008,-0.01873333938419819,-0.5722527503967285,0.3495851457118988,10.116512298583984
6.12,-0.05185088515281677,1.5606223314534873e-05,-0.011660597287118435,-0.23487669229507446,-0.2559684216976166,9.370004653930664
6.140000000000001,-0.05012906342744827,0.000600043626036495,0.0044161733239889145,-0.03334119915962219,0.17757199704647064,9.383628845214844
6.16,-0.021171867847442627,0.04310286417603493,0.0024983047042042017,0.14835989475250244,0.3809840977191925,9.856156349182129
6.180000000000001,-0.08506323397159576,0.024214239791035652,-0.004569149576127529,0.2451336681842804,0.200753316283226,10.005477905273438
6.2,-0.034171830862760544,-0.0021566275972872972,0.004610501229763031,0.07999520003795624,0.38709205389022827,9.974534034729004
6.220000000000001,-0.026190875098109245,-0.01626100391149521,0.010607256554067135,0.00944240391254425,0.40105128288269043,9.602119445800781
6.24,0.005554858595132828,-0.0427054725587368,0.004800641443580389,-0.41117146611213684,-0.08139693737030029,9.563851356506348
6.26,-0.02137155458331108,-0.022192558273673058,-0.002603572327643633,-0.670114278793335,-0.5138802528381348,10.00501537322998
6.28,-0.0042472658678889275,-0.02813125029206276,-0.0011614562245085835,-0.6543569564819336,-0.26368680596351624,9.977754592895508
6.300000000000001,0.03878810256719589,-0.05093071982264519,0.010987097397446632,-0.3803791105747223,0.02106575295329094,9.535784721374512
6.32,0.04076836258172989,-0.024925796315073967,0.018568294122815132,-0.29268234968185425,0.08868223428726196,9.729477882385254
6.34,0.02474897727370262,-0.008775479160249233,0.0313626304268837,-0.19516102969646454,-0.14282537996768951,9.978894233703613
6.36,0.006378663703799248,-0.03325045108795166,0.04125470295548439,0.22253701090812683,0.041432302445173264,10.092941284179688
6.380000000000001,0.048768460750579834,-0.05596168711781502,0.03421343117952347,0.31396177411079407,0.20610490441322327,10.035064697265625
6.4,0.04636925458908081,-0.043069008737802505,0.012666475959122181,0.35367006063461304,0.18437916040420532,9.545326232910156
6.42,0.01816590316593647,-0.018455535173416138,0.0007010605768300593,0.45599839091300964,0.36829298734664917,9.45624828338623
6.44,0.0037240537349134684,-0.02665202133357525,-0.025605399161577225,0.34891894459724426,0.4367174208164215,9.871109962463379
6.46,0.05709172040224075,-0.029362278059124947,-0.0213116854429245,0.012986798770725727,0.35833778977394104,10.198200225830078
6.48,-0.003213964169844985,-0.005007543601095676,0.0006527010118588805,-0.1087537631392479,-0.017398718744516373,9.901084899902344
6.5,-0.03436195105314255,-0.0012970037059858441,-0.0012715698685497046,-0.020787302404642105,-0.09394201636314392,9.373344421386719
6.5200000000000005,-0.0441153310239315,-0.008492196910083294,-0.0002539318520575762,0.025819098576903343,0.546119749546051,9.277714729309082
6.54,-0.01119467243552208,0.015696996822953224,-0.004682773724198341,0.14317411184310913,0.9171015620231628,9.45670223236084
6.5600000000000005,-0.037574149668216705,0.001105435541830957,-0.009959402494132519,0.15319593250751495,0.3748232126235962,10.139114379882812
6.58,-0.03561250492930412,0.01198817789554596,-0.0046492512337863445,0.23261481523513794,0.029999226331710815,10.191009521484375
6.6000000000000005,-0.05103793367743492,0.012424414046108723,0.011208755895495415,0.08737167716026306,-0.12890644371509552,9.88149356842041
6.62,-0.04764330014586449,0.0129796601831913,0.012223978526890278,-0.12645958364009857,-0.13984179496765137,9.76432991027832
6.640000000000001,-0.014743687584996223,0.01810777373611927,0.02165762521326542,-0.30868831276893616,-0.2039434313774109,9.601449966430664
6.66,-0.011184177361428738,-0.0055275652557611465,0.015427657403051853,-0.1179332584142685,0.0989663302898407,9.359488487243652
6.680000000000001,-0.014097755774855614,-0.01051020435988903,0.010662843473255634,-0.17836950719356537,0.16578257083892822,9.693886756896973
6.7,-0.025752972811460495,0.000503787596244365,-0.01643890142440796,-0.13075676560401917,-0.0516071692109108,10.574150085449219
6.720000000000001,0.019656721502542496,-0.006119476165622473,-0.02257733978331089,-0.07229305058717728,-0.09090543538331985,10.406832695007324
6.74,0.018557703122496605,-0.013142513111233711,-0.010841193608939648,-0.04334200173616409,0.03379837051033974,9.590072631835938
6.76,0.0423259511590004,-0.019466646015644073,0.0033925308380275965,-0.05380648747086525,-0.21988148987293243,9.112724304199219
6.78,-0.0027410301845520735,-0.019996076822280884,0.018573736771941185,0.11112122982740402,-0.09954275190830231,9.399264335632324
6.800000000000001,0.026438433676958084,-0.0429726205766201,0.01740521751344204,0.11174826323986053,0.1446380317211151,10.129682540893555
6.82,-0.01028632465749979,-0.07410931587219238,0.0001127768264268525,0.028346557170152664,0.5109899640083313,10.488869667053223
6.84,0.020469937473535538,-0.04807363450527191,-0.02673223428428173,-0.19454626739025116,0.5772135257720947,9.90644645690918
6.86,-0.0027545636985450983,-0.049717918038368225,-0.04194992408156395,-0.11394895613193512,0.1577225774526596,9.350568771362305
6.880000000000001,-0.04226904734969139,-0.030962303280830383,-0.010658621788024902,0.019448023289442062,0.18400315940380096,9.405312538146973
6.9,0.014759618788957596,-0.018110180273652077,0.009705683216452599,0.17069676518440247,0.11721307039260864,10.000349044799805
6.92,0.024602612480521202,-0.009637846611440182,0.026717577129602432,0.24549977481365204,-0.06269015371799469,10.149974822998047
6.94,-0.04812037572264671,-0.02765156328678131,0.02973535843193531,0.19812646508216858,0.18729376792907715,9.989762306213379
6.96,-0.04324902221560478,-0.011168533936142921,0.018547646701335907,0.14653712511062622,0.5826204419136047,9.681256294250488
6.98,0.012405816465616226,0.03493587300181389,-0.010558078065514565,0.28436845541000366,0.43861818313598633,9.305181503295898
7.0,-0.07029527425765991,0.02573731541633606,-0.025013083592057228,0.3846398890018463,0.024501333013176918,9.208175659179688
7.0200000000000005,-0.002154436893761158,0.017457300797104836,-0.012436952441930771,0.40490445494651794,-0.09933896362781525,9.82825756072998
7.04,-0.07509826868772507,0.015143819153308868,0.0003655824111774564,0.25790658593177795,-0.06253669410943985,10.277026176452637
7.0600000000000005,0.03235006704926491,0.02970029041171074,0.025600077584385872,0.0027139969170093536,0.0645163357257843,10.597710609436035
7.08,-0.048196155577898026,0.03814143314957619,0.02640480175614357,-0.05145828425884247,-0.2779063582420349,10.071590423583984
7.1000000000000005,-0.05433831736445427,0.007800021208822727,0.00240452797152102,-0.06529375165700912,0.17807967960834503,9.396446228027344
7.12,-0.013731674291193485,-0.014133024960756302,0.004302076064050198,0.1088566705584526,-0.04251936450600624,9.062015533447266
7.140000000000001,-0.00754508376121521,-0.001533697941340506,-0.010250598192214966,0.15505847334861755,0.1349603831768036,9.288077354431152
7.16,0.03082945942878723,0.005141508765518665,-0.034129101783037186,0.11327222734689713,0.15475215017795563,9.710783958435059
7.180000000000001,-0.007120813243091106,-0.0071334014646708965,-0.029332321137189865,-0.07823991775512695,0.14559559524059296,10.264676094055176
7.2,-0.022445520386099815,-0.0071551622822880745,-0.022904206067323685,-0.3457561731338501,0.26183390617370605,10.323400497436523
7.220000000000001,-0.048388924449682236,-0.014173928648233414,-0.003146963892504573,-0.2807289958000183,-0.16843076050281525,10.08095645904541
7.24,-0.020851241424679756,-0.019478043541312218,0.011133303865790367,-0.2969421446323395,-0.14347894489765167,9.54096794128418
7.260000000000001,0.02858940325677395,0.018708012998104095,0.017355797812342644,-0.4268834888935089,-0.021196063607931137,9.851858139038086
7.28,0.009960598312318325,0.00957581214606762,-0.009914455935359001,-0.20712213218212128,-0.20324978232383728,9.891815185546875
7.300000000000001,0.0368715263903141,-0.014475598931312561,-0.03486600145697594,-0.16113655269145966,0.21884438395500183,9.723958969116211
7.32,-0.020918814465403557,-0.0076806857250630856,-0.0626479834318161,-0.1309063583612442,0.4824009835720062,9.543051719665527
7.34,-0.004274873994290829,0.020241132006049156,-0.0724070817232132,-0.2924210727214813,0.20872677862644196,9.73985481262207
7.36,-0.02409697137773037,0.011344561353325844,-0.06422664225101471,0.3163047432899475,-0.10789251327514648,9.836133003234863
7.380000000000001,-0.04383771866559982,-0.05796769633889198,-0.07975685596466064,1.3227516412734985,-0.004593417048454285,9.81330680847168
7.4,-0.004220602102577686,-0.054403506219387054,-0.09359779208898544,1.9149208068847656,-0.283268541097641,10.19116497039795
7.42,-0.013888638466596603,-0.01310760248452425,-0.10886180400848389,1.8950949907302856,-0.07040521502494812,10.31152629852295
7.44,0.024171901866793633,0.011329663917422295,-0.10535939037799835,1.1591405868530273,0.036022160202264786,9.437801361083984
7.46,-0.010858193039894104,5.18557608302217e-05,-0.10129331052303314,-0.05754908174276352,-0.4636167585849762,8.743080139160156
7.48,-0.043280716985464096,0.02995799295604229,-0.15723589062690735,-1.2192652225494385,-0.2464108169078827,9.319952964782715
7.5,-0.036217816174030304,0.09158321470022202,-0.19377771019935608,-1.6363697052001953,0.060006387531757355,10.41811752319336
7.5200000000000005,-0.03794931620359421,0.13433881103992462,-0.19667352735996246,-0.9377714395523071,0.2530022859573364,10.71269702911377
7.54,0.05484474450349808,0.12016985565423965,-0.21126464009284973,0.03622131794691086,0.5263310670852661,9.64388656616211
7.5600000000000005,0.0367988757789135,0.0876685157418251,-0.25146907567977905,-0.05381414666771889,1.1735587120056152,9.574851989746094
7.58,0.0052789500914514065,0.10373210906982422,-0.30590131878852844,-0.19643299281597137,1.1957318782806396,9.756982803344727
7.6000000000000005,0.04023906961083412,0.09774094820022583,-0.36720365285873413,-0.1937401294708252,1.2272700071334839,9.774076461791992
7.62,-0.022688113152980804,0.04983055219054222,-0.4412633180618286,-0.3296808898448944,0.8139775991439819,9.385303497314453
7.640000000000001,-0.009004538878798485,0.004285660572350025,-0.5141329169273376,-0.4101111590862274,0.6875301599502563,8.3731689453125
7.66,-0.029840782284736633,-0.07005249708890915,-0.5273746252059937,-0.2658311128616333,0.5179120898246765,8.813414573669434
7.680000000000001,-0.024911753833293915,-0.10170235484838486,-0.4646744430065155,-0.5162093639373779,-1.7081482410430908,10.812125205993652
7.7,-0.008090807124972343,-0.062053997069597244,-0.31305772066116333,-0.48828503489494324,-2.784198522567749,11.608529090881348
7.720000000000001,-0.016851743683218956,-0.07665766030550003,-0.20018866658210754,-0.35131120681762695,-2.0997016429901123,10.208206176757812
7.74,-0.0778162032365799,-0.08387989550828934,-0.1635112166404724,-0.12246543914079666,-1.165873408317566,9.51933765411377
7.760000000000001,-0.08644440025091171,-0.054102085530757904,-0.16805455088615417,1.674690842628479,-0.5131320357322693,9.519774436950684
7.78,0.011884932406246662,-0.027185283601284027,-0.22415794432163239,1.9971649646759033,0.06067059189081192,9.455012321472168
7.800000000000001,0.03558386489748955,-0.016738837584853172,-0.2740482687950134,1.4213695526123047,0.1251906007528305,10.117709159851074
7.82,0.004036817234009504,0.0024164081551134586,-0.2891503870487213,0.23089800775051117,-0.282817006111145,9.20295238494873
7.840000000000001,0.05697069317102432,0.0465068481862545,-0.2957778871059418,-0.5969462394714355,-1.1135263442993164,9.206378936767578
7.86,0.05092736333608627,0.12844599783420563,-0.28209179639816284,-0.8476437926292419,-0.9343488216400146,9.899665832519531
